PRAGMA foreign_keys=OFF;
BEGIN TRANSACTION;
CREATE TABLE IF NOT EXISTS "_prisma_migrations" (
    "id"                    TEXT PRIMARY KEY NOT NULL,
    "checksum"              TEXT NOT NULL,
    "finished_at"           DATETIME,
    "migration_name"        TEXT NOT NULL,
    "logs"                  TEXT,
    "rolled_back_at"        DATETIME,
    "started_at"            DATETIME NOT NULL DEFAULT current_timestamp,
    "applied_steps_count"   INTEGER UNSIGNED NOT NULL DEFAULT 0
);
INSERT INTO _prisma_migrations VALUES('28b6b5e1-8505-4ed7-b60a-104b9e14e0d9','fae5d165955119f50028eb2f97f5fc85f3bdf63373945bfbb9be1d40debdff44',1773414004299,'20260313150004_init',NULL,NULL,1773414004279,1);
INSERT INTO _prisma_migrations VALUES('4c560e1b-3798-429c-b0c1-594a761247cf','48938315259c7f63f4e1b01f2f172ddc77fdedd630733cbbc9261c337e7324fb',1773420443128,'20260313164723_add_performance_indexes',NULL,NULL,1773420443123,1);
CREATE TABLE IF NOT EXISTS "User" (
    "id" TEXT NOT NULL PRIMARY KEY,
    "email" TEXT NOT NULL,
    "password" TEXT NOT NULL,
    "firstName" TEXT NOT NULL,
    "lastName" TEXT NOT NULL,
    "role" TEXT NOT NULL DEFAULT 'admin',
    "avatar" TEXT,
    "isActive" BOOLEAN NOT NULL DEFAULT true,
    "createdAt" DATETIME NOT NULL DEFAULT CURRENT_TIMESTAMP,
    "updatedAt" DATETIME NOT NULL
);
INSERT INTO User VALUES('cmmp422qx0000lh56yggpai4p','admin@schoolerp.com','$2b$12$.0wlpBoeUD33yu.R8kQAKulFHDtZva0VjBAHeFsmo2zBCBPoJd5TG','Admin','User','admin',NULL,1,'2026-03-13T16:28:11.236+00:00','2026-03-13T16:28:11.236+00:00');
INSERT INTO User VALUES('cmmp422r10001lh569cxbohvi','teacher@schoolerp.com','$2b$12$fej6njXo5SuQ6wPNS3vIj.XpgtrW2STGQNLGZ.0elUE1AqGkC40kO','Priya','Sharma','teacher',NULL,1,'2026-03-13T16:28:11.245+00:00','2026-03-13T16:28:11.245+00:00');
CREATE TABLE IF NOT EXISTS "Account" (
    "id" TEXT NOT NULL PRIMARY KEY,
    "userId" TEXT NOT NULL,
    "type" TEXT NOT NULL,
    "provider" TEXT NOT NULL,
    "providerAccountId" TEXT NOT NULL,
    "refresh_token" TEXT,
    "access_token" TEXT,
    "expires_at" INTEGER,
    "token_type" TEXT,
    "scope" TEXT,
    "id_token" TEXT,
    "session_state" TEXT,
    CONSTRAINT "Account_userId_fkey" FOREIGN KEY ("userId") REFERENCES "User" ("id") ON DELETE CASCADE ON UPDATE CASCADE
);
CREATE TABLE IF NOT EXISTS "Session" (
    "id" TEXT NOT NULL PRIMARY KEY,
    "sessionToken" TEXT NOT NULL,
    "userId" TEXT NOT NULL,
    "expires" DATETIME NOT NULL,
    CONSTRAINT "Session_userId_fkey" FOREIGN KEY ("userId") REFERENCES "User" ("id") ON DELETE CASCADE ON UPDATE CASCADE
);
CREATE TABLE IF NOT EXISTS "VerificationToken" (
    "identifier" TEXT NOT NULL,
    "token" TEXT NOT NULL,
    "expires" DATETIME NOT NULL
);
CREATE TABLE IF NOT EXISTS "Student" (
    "id" TEXT NOT NULL PRIMARY KEY,
    "admissionNo" TEXT NOT NULL,
    "name" TEXT NOT NULL,
    "email" TEXT,
    "photo" TEXT,
    "class" TEXT NOT NULL,
    "section" TEXT NOT NULL,
    "rollNo" TEXT NOT NULL,
    "gender" TEXT NOT NULL,
    "dateOfBirth" TEXT NOT NULL,
    "status" TEXT NOT NULL DEFAULT 'active',
    "phone" TEXT,
    "address" TEXT,
    "city" TEXT,
    "state" TEXT,
    "pinCode" TEXT,
    "nationality" TEXT,
    "religion" TEXT,
    "category" TEXT,
    "motherTongue" TEXT,
    "languageMedium" TEXT,
    "bloodGroup" TEXT,
    "aadharNumber" TEXT,
    "stsId" TEXT,
    "board" TEXT,
    "emergencyContact" TEXT,
    "emergencyRelation" TEXT,
    "medicalConditions" TEXT,
    "allergies" TEXT,
    "medications" TEXT,
    "doctorName" TEXT,
    "doctorPhone" TEXT,
    "transport" TEXT,
    "transportRoute" TEXT,
    "hostel" TEXT,
    "sibling" TEXT,
    "siblingName" TEXT,
    "siblingClass" TEXT,
    "parentName" TEXT,
    "parentPhone" TEXT,
    "parentEmail" TEXT,
    "fatherName" TEXT,
    "fatherOccupation" TEXT,
    "fatherPhone" TEXT,
    "fatherEmail" TEXT,
    "motherName" TEXT,
    "motherOccupation" TEXT,
    "motherPhone" TEXT,
    "motherEmail" TEXT,
    "guardianName" TEXT,
    "guardianRelation" TEXT,
    "guardianPhone" TEXT,
    "previousSchool" TEXT,
    "previousClass" TEXT,
    "previousSchoolName" TEXT,
    "previousSchoolAddress" TEXT,
    "previousSchoolPhone" TEXT,
    "previousSchoolEmail" TEXT,
    "transferCertificate" TEXT,
    "transferCertificateNo" TEXT,
    "bankName" TEXT,
    "bankAccountNumber" TEXT,
    "bankIfsc" TEXT,
    "documents" TEXT,
    "gpa" REAL NOT NULL DEFAULT 0,
    "rank" INTEGER NOT NULL DEFAULT 0,
    "disciplineScore" INTEGER NOT NULL DEFAULT 100,
    "incidents" INTEGER NOT NULL DEFAULT 0,
    "achievements" INTEGER NOT NULL DEFAULT 0,
    "remarks" TEXT,
    "admissionDate" TEXT,
    "enrollmentDate" TEXT,
    "createdAt" DATETIME NOT NULL DEFAULT CURRENT_TIMESTAMP,
    "updatedAt" DATETIME NOT NULL
);
INSERT INTO Student VALUES('student-001','ADM-2024-001','Aarav Mehta','aarav.mehta@student.com',NULL,'10','A','01','Male','2009-04-12','active','9876543200','12, MG Road','Bangalore','Karnataka','560001','Indian','Hindu','General',NULL,'English','O+',NULL,NULL,NULL,NULL,NULL,NULL,NULL,NULL,NULL,NULL,NULL,NULL,NULL,NULL,NULL,NULL,'Rajesh Mehta','9876543201','rajesh.mehta@gmail.com','Rajesh Mehta','Engineer','9876543201',NULL,'Priya Mehta','Teacher','9876543202',NULL,NULL,NULL,NULL,NULL,NULL,NULL,NULL,NULL,NULL,NULL,NULL,NULL,NULL,NULL,'{"birthCertificate":true,"aadharCard":true,"passportPhoto":true,"marksheet":true,"transferCertificate":false,"medicalCertificate":false,"casteCertificate":false,"incomeCertificate":false}',8.5,3,95,0,0,NULL,'2024-06-01',NULL,'2026-03-13T16:28:11.271+00:00','2026-03-13T16:28:11.271+00:00');
INSERT INTO Student VALUES('student-002','ADM-2024-002','Priya Sharma','priya.sharma@student.com',NULL,'10','A','02','Female','2009-08-22','active','9876543210',NULL,'Bangalore','Karnataka','560002','Indian','Hindu','OBC',NULL,'English','A+',NULL,NULL,NULL,NULL,NULL,NULL,NULL,NULL,NULL,NULL,NULL,NULL,NULL,NULL,NULL,NULL,'Suresh Sharma','9876543211','suresh.sharma@gmail.com','Suresh Sharma','Business',NULL,NULL,'Anita Sharma','Homemaker',NULL,NULL,NULL,NULL,NULL,NULL,NULL,NULL,NULL,NULL,NULL,NULL,NULL,NULL,NULL,NULL,'{"birthCertificate":true,"aadharCard":true,"passportPhoto":true,"marksheet":true,"transferCertificate":true,"medicalCertificate":false,"casteCertificate":true,"incomeCertificate":true}',9.199999999999999289,1,98,0,0,NULL,'2024-06-01',NULL,'2026-03-13T16:28:11.278+00:00','2026-03-13T16:28:11.278+00:00');
INSERT INTO Student VALUES('student-003','ADM-2024-003','Rahul Verma','rahul.verma@student.com',NULL,'9','B','05','Male','2010-01-15','active','9876543220',NULL,'Mysore','Karnataka','570001','Indian',NULL,'SC',NULL,'Kannada','B+',NULL,NULL,NULL,NULL,NULL,NULL,NULL,NULL,NULL,NULL,NULL,NULL,NULL,NULL,NULL,NULL,'Mohan Verma','9876543221',NULL,'Mohan Verma','Farmer',NULL,NULL,'Suman Verma','Homemaker',NULL,NULL,NULL,NULL,NULL,NULL,NULL,NULL,NULL,NULL,NULL,NULL,NULL,NULL,NULL,NULL,'{"birthCertificate":true,"aadharCard":true,"passportPhoto":true,"marksheet":false,"transferCertificate":false,"medicalCertificate":false,"casteCertificate":true,"incomeCertificate":true}',7.799999999999999823,8,88,0,0,NULL,'2024-06-01',NULL,'2026-03-13T16:28:11.283+00:00','2026-03-13T16:28:11.283+00:00');
INSERT INTO Student VALUES('student-004','ADM-2024-004','Sneha Patil','sneha.patil@student.com',NULL,'11','A','03','Female','2008-05-30','active','9876543230',NULL,'Pune','Maharashtra','411001','Indian',NULL,'General',NULL,'English','AB+',NULL,NULL,NULL,NULL,NULL,NULL,NULL,NULL,NULL,NULL,NULL,NULL,NULL,NULL,NULL,NULL,'Vijay Patil','9876543231',NULL,'Vijay Patil','Doctor',NULL,NULL,'Meena Patil','Nurse',NULL,NULL,NULL,NULL,NULL,NULL,NULL,NULL,NULL,NULL,NULL,NULL,NULL,NULL,NULL,NULL,'{"birthCertificate":true,"aadharCard":true,"passportPhoto":true,"marksheet":true,"transferCertificate":true,"medicalCertificate":true,"casteCertificate":false,"incomeCertificate":false}',9.0,2,96,0,0,NULL,'2024-06-01',NULL,'2026-03-13T16:28:11.288+00:00','2026-03-13T16:28:11.288+00:00');
INSERT INTO Student VALUES('student-005','ADM-2024-005','Arjun Nair','arjun.nair@student.com',NULL,'8','C','12','Male','2011-11-08','active','9876543240',NULL,'Kochi','Kerala','682001','Indian',NULL,'General',NULL,'English','O-',NULL,NULL,NULL,NULL,NULL,NULL,NULL,NULL,NULL,NULL,NULL,NULL,NULL,NULL,NULL,NULL,'Krishnan Nair','9876543241',NULL,'Krishnan Nair','Software Engineer',NULL,NULL,'Lakshmi Nair','CA',NULL,NULL,NULL,NULL,NULL,NULL,NULL,NULL,NULL,NULL,NULL,NULL,NULL,NULL,NULL,NULL,'{"birthCertificate":true,"aadharCard":true,"passportPhoto":true,"marksheet":true,"transferCertificate":false,"medicalCertificate":false,"casteCertificate":false,"incomeCertificate":false}',8.900000000000000355,4,92,0,0,NULL,'2024-06-01',NULL,'2026-03-13T16:28:11.297+00:00','2026-03-13T16:28:11.297+00:00');
INSERT INTO Student VALUES('cmmp638fu0000ob56l0xzbt9x','20260001','Kritu','','data:image/jpeg;base64,/9j/4AAQSkZJRgABAQEBLAEsAAD/4QBWRXhpZgAATU0AKgAAAAgABAEaAAUAAAABAAAAPgEbAAUAAAABAAAARgEoAAMAAAABAAIAAAITAAMAAAABAAEAAAAAAAAAAAEsAAAAAQAAASwAAAAB/+0ALFBob3Rvc2hvcCAzLjAAOEJJTQQEAAAAAAAPHAFaAAMbJUccAQAAAgAEAP/hDW9odHRwOi8vbnMuYWRvYmUuY29tL3hhcC8xLjAvADw/eHBhY2tldCBiZWdpbj0n77u/JyBpZD0nVzVNME1wQ2VoaUh6cmVTek5UY3prYzlkJz8+Cjx4OnhtcG1ldGEgeG1sbnM6eD0nYWRvYmU6bnM6bWV0YS8nIHg6eG1wdGs9J0ltYWdlOjpFeGlmVG9vbCAxMS44OCc+CjxyZGY6UkRGIHhtbG5zOnJkZj0naHR0cDovL3d3dy53My5vcmcvMTk5OS8wMi8yMi1yZGYtc3ludGF4LW5zIyc+CgogPHJkZjpEZXNjcmlwdGlvbiByZGY6YWJvdXQ9JycKICB4bWxuczp0aWZmPSdodHRwOi8vbnMuYWRvYmUuY29tL3RpZmYvMS4wLyc+CiAgPHRpZmY6UmVzb2x1dGlvblVuaXQ+MjwvdGlmZjpSZXNvbHV0aW9uVW5pdD4KICA8dGlmZjpYUmVzb2x1dGlvbj4zMDAvMTwvdGlmZjpYUmVzb2x1dGlvbj4KICA8dGlmZjpZUmVzb2x1dGlvbj4zMDAvMTwvdGlmZjpZUmVzb2x1dGlvbj4KIDwvcmRmOkRlc2NyaXB0aW9uPgoKIDxyZGY6RGVzY3JpcHRpb24gcmRmOmFib3V0PScnCiAgeG1sbnM6eG1wPSdodHRwOi8vbnMuYWRvYmUuY29tL3hhcC8xLjAvJz4KICA8eG1wOkNyZWF0b3JUb29sPkFkb2JlIFN0b2NrIFBsYXRmb3JtPC94bXA6Q3JlYXRvclRvb2w+CiA8L3JkZjpEZXNjcmlwdGlvbj4KCiA8cmRmOkRlc2NyaXB0aW9uIHJkZjphYm91dD0nJwogIHhtbG5zOnhtcE1NPSdodHRwOi8vbnMuYWRvYmUuY29tL3hhcC8xLjAvbW0vJz4KICA8eG1wTU06RG9jdW1lbnRJRD54bXAuaWlkOmIyODM4OWQyLTQwZmItNDk2ZC1hOTVkLTNhODAyMzI4YzM3NDwveG1wTU06RG9jdW1lbnRJRD4KICA8eG1wTU06SW5zdGFuY2VJRD5hZG9iZTpkb2NpZDpzdG9jazo0MzdhZGY5MS1mMzY3LTQyZTgtOTliNi1jY2Y0NjE3ZmNlZjA8L3htcE1NOkluc3RhbmNlSUQ+CiAgPHhtcE1NOk9yaWdpbmFsRG9jdW1lbnRJRD5hZG9iZTpkb2NpZDpzdG9jazoxNDI0NTE0NzkzPC94bXBNTTpPcmlnaW5hbERvY3VtZW50SUQ+CiA8L3JkZjpEZXNjcmlwdGlvbj4KPC9yZGY6UkRGPgo8L3g6eG1wbWV0YT4KICAgICAgICAgICAgICAgICAgICAgICAgICAgICAgICAgICAgICAgICAgICAgICAgICAgICAgICAgICAgICAgICAgICAgICAgICAgICAgICAgICAgICAgICAgICAgICAgICAgIAogICAgICAgICAgICAgICAgICAgICAgICAgICAgICAgICAgICAgICAgICAgICAgICAgICAgICAgICAgICAgICAgICAgICAgICAgICAgICAgICAgICAgICAgICAgICAgICAgICAgCiAgICAgICAgICAgICAgICAgICAgICAgICAgICAgICAgICAgICAgICAgICAgICAgICAgICAgICAgICAgICAgICAgICAgICAgICAgICAgICAgICAgICAgICAgICAgICAgICAgICAKICAgICAgICAgICAgICAgICAgICAgICAgICAgICAgICAgICAgICAgICAgICAgICAgICAgICAgICAgICAgICAgICAgICAgICAgICAgICAgICAgICAgICAgICAgICAgICAgICAgIAogICAgICAgICAgICAgICAgICAgICAgICAgICAgICAgICAgICAgICAgICAgICAgICAgICAgICAgICAgICAgICAgICAgICAgICAgICAgICAgICAgICAgICAgICAgICAgICAgICAgCiAgICAgICAgICAgICAgICAgICAgICAgICAgICAgICAgICAgICAgICAgICAgICAgICAgICAgICAgICAgICAgICAgICAgICAgICAgICAgICAgICAgICAgICAgICAgICAgICAgICAKICAgICAgICAgICAgICAgICAgICAgICAgICAgICAgICAgICAgICAgICAgICAgICAgICAgICAgICAgICAgICAgICAgICAgICAgICAgICAgICAgICAgICAgICAgICAgICAgICAgIAogICAgICAgICAgICAgICAgICAgICAgICAgICAgICAgICAgICAgICAgICAgICAgICAgICAgICAgICAgICAgICAgICAgICAgICAgICAgICAgICAgICAgICAgICAgICAgICAgICAgCiAgICAgICAgICAgICAgICAgICAgICAgICAgICAgICAgICAgICAgICAgICAgICAgICAgICAgICAgICAgICAgICAgICAgICAgICAgICAgICAgICAgICAgICAgICAgICAgICAgICAKICAgICAgICAgICAgICAgICAgICAgICAgICAgICAgICAgICAgICAgICAgICAgICAgICAgICAgICAgICAgICAgICAgICAgICAgICAgICAgICAgICAgICAgICAgICAgICAgICAgIAogICAgICAgICAgICAgICAgICAgICAgICAgICAgICAgICAgICAgICAgICAgICAgICAgICAgICAgICAgICAgICAgICAgICAgICAgICAgICAgICAgICAgICAgICAgICAgICAgICAgCiAgICAgICAgICAgICAgICAgICAgICAgICAgICAgICAgICAgICAgICAgICAgICAgICAgICAgICAgICAgICAgICAgICAgICAgICAgICAgICAgICAgICAgICAgICAgICAgICAgICAKICAgICAgICAgICAgICAgICAgICAgICAgICAgICAgICAgICAgICAgICAgICAgICAgICAgICAgICAgICAgICAgICAgICAgICAgICAgICAgICAgICAgICAgICAgICAgICAgICAgIAogICAgICAgICAgICAgICAgICAgICAgICAgICAgICAgICAgICAgICAgICAgICAgICAgICAgICAgICAgICAgICAgICAgICAgICAgICAgICAgICAgICAgICAgICAgICAgICAgICAgCiAgICAgICAgICAgICAgICAgICAgICAgICAgICAgICAgICAgICAgICAgICAgICAgICAgICAgICAgICAgICAgICAgICAgICAgICAgICAgICAgICAgICAgICAgICAgICAgICAgICAKICAgICAgICAgICAgICAgICAgICAgICAgICAgICAgICAgICAgICAgICAgICAgICAgICAgICAgICAgICAgICAgICAgICAgICAgICAgICAgICAgICAgICAgICAgICAgICAgICAgIAogICAgICAgICAgICAgICAgICAgICAgICAgICAgICAgICAgICAgICAgICAgICAgICAgICAgICAgICAgICAgICAgICAgICAgICAgICAgICAgICAgICAgICAgICAgICAgICAgICAgCiAgICAgICAgICAgICAgICAgICAgICAgICAgICAgICAgICAgICAgICAgICAgICAgICAgICAgICAgICAgICAgICAgICAgICAgICAgICAgICAgICAgICAgICAgICAgICAgICAgICAKICAgICAgICAgICAgICAgICAgICAgICAgICAgICAgICAgICAgICAgICAgICAgICAgICAgICAgICAgICAgICAgICAgICAgICAgICAgICAgICAgICAgICAgICAgICAgICAgICAgIAogICAgICAgICAgICAgICAgICAgICAgICAgICAgICAgICAgICAgICAgICAgICAgICAgICAgICAgICAgICAgICAgICAgICAgICAgICAgICAgICAgICAgICAgICAgICAgICAgICAgCiAgICAgICAgICAgICAgICAgICAgICAgICAgICAgICAgICAgICAgICAgICAgICAgICAgICAgICAgICAgICAgICAgICAgICAgICAgICAgICAgICAgICAgICAgICAgICAgICAgICAKICAgICAgICAgICAgICAgICAgICAgICAgICAgICAgICAgICAgICAgICAgICAgICAgICAgICAgICAgICAgICAgICAgICAgICAgICAgICAgICAgICAgICAgICAgICAgICAgICAgIAogICAgICAgICAgICAgICAgICAgICAgICAgICAgICAgICAgICAgICAgICAgICAgICAgICAgICAgICAgICAgICAgICAgICAgICAgICAgICAgICAgICAgICAgICAgICAgICAgICAgCiAgICAgICAgICAgICAgICAgICAgICAgICAgICAgICAgICAgICAgICAgICAgICAgICAgICAgICAgICAgICAgICAgICAgICAgICAgICAgICAgICAgICAgICAgICAgICAgICAgICAKPD94cGFja2V0IGVuZD0ndyc/Pv/bAEMABQMEBAQDBQQEBAUFBQYHDAgHBwcHDwsLCQwRDxISEQ8RERMWHBcTFBoVEREYIRgaHR0fHx8TFyIkIh4kHB4fHv/bAEMBBQUFBwYHDggIDh4UERQeHh4eHh4eHh4eHh4eHh4eHh4eHh4eHh4eHh4eHh4eHh4eHh4eHh4eHh4eHh4eHh4eHv/AABEIAWgCHAMBEQACEQEDEQH/xAAdAAEAAQUBAQEAAAAAAAAAAAAABAIDBQYHAQgJ/8QAQhAAAgEDAgMFBQUFBwQCAwAAAAECAwQRBSEGEjEHE0FRYSIycYGRCBShscEjQlJi0RUkM3Lh8PEWQ1OCJZI0Y8L/xAAaAQEBAAMBAQAAAAAAAAAAAAAAAQIDBAUG/8QAKxEBAQACAQQCAgICAgIDAAAAAAECEQMEEiExBUETUSIyYdGBkUKxI3Gh/9oADAMBAAIRAxEAPwD7LAAAAAAAAAAAAAAAAAAAAAAAAAAAAAAAAAAAAAAAAAAAAAAAAAAAAAAAAAAAAAAAAAAAAAAAAAAAAAAAAAAAAAAAAAAAAAAAAAAAAAAAAAAAAAAAAAAAAAAAAAAAAAAAAAAAAAAAAAAAAAAAAAAAAAAAAAAAAAAAAAAAAAAAAAAAAAAAAAAAAAAAAAAAAAAAAAAClyinhvDA1Z8T1qnFt3olSVrpkKCi6NS5ftXafV01lLCez6v0MN3emfbO3bZqFWLis1VJ+eMGcYKu9pqOXJYxlAVRnGSzFpoD0AAAAAAAAAAAAAAAAAAAAAAAAAAAAAAAAAAAAAAAAAAAAAAAAAAAAAAAAAAAAAAAAAAAAAAC269PncE3KS6pIDD8R8W8PcP2lS51fVLe1jT96MpJzX/qtyWyLMbfTjnFP2keEaVxGGmaXfag48y5qi7mMk14N+uDC5ts4r91zvtA7QNf4l0ilqNbUdE06lCoqlvStbiFS4hJdG5PdfIxtt9tmMmLUIdrnF9i4ypaxqtS4i9p1rnnh/8AXyJNrZP0yNj258YSnRV7qfcypvMpQpJ+fyRd1j24tn0rtZtqlW2qUeIeJKNzN/3is+WpCLxlNQfVea226DZ2/wCHXNG7bNIqaHWq1J295eWdNuv3M+SNTHSUFLfD648OhlM/DXePyy+h9pj1jRrbVLSwjGnVnFTjOfuJ+bWdyzLafj1dN+0+9o3tFVaD5o9HJdMrqsmca9aSQAAAAAAAAAAAAAAAAAAAAAAAAAAAAAAAAAAAAAAAAAAAAAAAAAAAAAAAAAAAAAAAAEbU7yjYWNW7uJqFOC6vxb2S+LbSA4h2o/aG0/hWpVs9MsbfUryEuSVPv3+zlulzSSx18E2Yd36bZx/t8+8S/aD7R9e56NHVY6ZbqOVSsKPdbes23KS+aMfNZSSfTn2paxc3NKdzd3NxWq5y41ZuTk/NNk1GXdUW3v53FGU1QamlhSUuvo0UlWUrKtCcvu0oyXvKCalH5eK+ATbyVSnTUZ06mYpb5l7TC7QbzULj95xUYv2VLfHwCbTtF1itlU6rU8tdHhv/AF+g0Stid0qa7yc3Ug9m28PD88eviTTKVsfA/Gdzo8algqk3b12oyUW89U9l57E9L4r7I7KOLtCveHrSx+/0re8x/wDj106VT2t1hSxzfI2Y5Rozxu9t/M2sAAAAAAAAAAAAAAAAAAAAAAAAAAAAAAAAAAAAAAAAAAAAAAAAAAAAAAAAAAAAABlAAPnL7YnaLPSNJsuHtHuZQup1HXuKkdsRScYxi/NtvfwwYZX6bePH7fJkNTtFTnKo04xqRq4y25LEuvz2MYz2xsq9nQU7qpVk6VKHOop4b8vz/AqbWKWr17i4cbfToXLePflhL0Xw6FSVJrVqtk+Z2dS3bacqNT2ov/LJEXaFWnOu3WoN05xezfSWfMgpod5XnCpUUW8+2oPKKK9VT5P2cE5PPK8PGPLISsPYVe4uailTlDmxGUc7ZbxlfiVI2mjft2spt/4Uu7mvSS/qTTLabpt9QrQhzR5ZOn7y8Gm8fkRZW98G9pmt6JPuLjudStG+WtbXMVOE18/T6GPll4rvHZr2+aLCtPStStb6jQSg7ZKp38qX8UN3zOK2a6tdPIymevbDLi35juPDfFWgcQ0+bSNToXUsbwTxOPxi90bJlL6arjcfbNFYgAAAAAAAAAAAAAAAAAAAAAAAAAAAAAAAAAAAAAAAAAAAAAAAAAAAAAAAAAABw7VO03UOJeIL7SeD7CNzGxrSo3V/d3Lt7Og02lFcvtVJ7Zfh4epr7rfTdMJPNcV7WePeMeHtUuLKy7Q1cXEWo3lG0hU+70G17MeaTeZvrypZxu8GOr+2cs16ct1CV5rkFeatqd1qVdU+Vd5+6vBY3MpEtc/4jp1LS5xn9nNPHM00vR4EjC1jqNWdSM6LqRjFpZUt9lLPh6FY7ZDTIy3rK4lCMN04SaSXw8QsbdeQjqNCDm1Lkikmuk1nx9f6kZsdT0z71cxtIyce8eZNeMV1/wB+g0Iuq3dN0lT09KnR9pc+N5JN7/DZ7LyGk2hV7iVpF0qqlNpJySXKo+j9d+hdJtZr0KFSNO4VScXs3Tn479fwBpdp/eHZVor2XOXtt9N938cLHQgmWdSNOnWxJr2eWLfonj82FjJ6Zc0rmjRrSw3KnFv6f8kZSslFyta33ihP247ppe1F/HyJYz22LQ+0ziLRb3v7W8lzxlGW6aax0aefk/iY6p4ruugfaa1Kpb29fUtG0+VKLiq3c3P7SS8WovxM5nWH4sfqu+8B8b8PcaaYr3Qr1VcL26U1y1KfxibMcpWnLG4+2yFYgAAAAAAAAAAAAAAAAAAAAAAAAAAAAAAAAAAAAAAAAAAAAAAAAAAAAAAH0yBy/tY7TFw7SvbHTqXf3VCg516kJZVsmnyub6Jvwju31wY3Jsww35r4to6tqtjp93O2vqlKNac6icKjxKXVya68xr03bc5q3U6dbvZ1ZV5OUpftd8yfWW3VsyYbbJw/eXtxbxqYUYt8scx2WPFL/kujaDrNorycnd0p08vEJpRcn+v4iMasVNKtbK1VGlQjUqcuZyqU228fPCBrws2WjRqQlcTrTpwa5eWKSjjO+PEbJF+tcTo0HRtJybp+6vT/AGgqNR1ypbXcp7Rn7dPOeil/rsE35YzT7ylTp04TW8G18cS/oVIyFvCGrV6EYzWYbzyv3n1fx6/Ui6ZKvpMbafPPnnmSk2qe0fDGeiC6Yi7j3lfuVUi1OftYnnmSfQiLd7VaqYzyp1JYWfLCLCsrbZtLKEpx5ZP2VHyxnb8fwCxOvKz7mk1N8/cxfKv3spf8mLKIlWcpRcHyyjjdNe7LHh6DSslY6rO0toUoY5YvmXLhb9MZ/qFbVwHxxrPBuu23EujV+SkpqNalGWYyT6wkvJmPrzD3NV9+cBcTWPFvC9nr2nyzQuYZSfWL8UzdLuOazV0zpUAAAAAAAAAAAAAAAAAAAAAAAAAAAAAAAAAAAAAAAAAAAAAAAAAAAAABG1SNzLS7qNm4K5dGaoufu8+Hy59M4BHwL2uX2pWWoVNG1H+0aN22rrUqd5XU1Uu5bOaUf3cJYT6I1OmNPuLW5udNyp28k0toQw188lGmz0Wr/aDp1JpU5VMYh1fnv5ebDCxsOpahSsLehGy5IKMPdS91eH4blPTGUtdrVM3FSS76pLlhJfuLPh8F+LLETtRryqSVKlCc+XlWI9Odrxfkl+LJtUW7vIW8J0YXUIVdud01mT+beSDH07qnUipOtz1YNYqNYa3xv5rOAm2D1iv3larLZScv2iXmWMbUKnFTcXOcvPmS6FSNt4ZdhRUnO8lSk+ik0seuP6mLZNL/ABHWrQdOdKbnb8uFOC3b83gFY6ly1Md17Mt5YxhvGwItafOn36ua8eZwk+6g+nM3u36L9Cxiz9Lmr3FKjy+205S23gn5+v65FZRRqNRVr2pKPtQjhReeiW23+/EjJbspd5CUW81M5+XX80gSoV3VjCs6TSSbe3g9yCuwuKkKdSlzONCbXN4rPgFj7L+w5rt1caNq2iVpKdvbyhOi8+62t1j12Lh+mHL+30qbGkAAAAAAAAAAAAAAAAAAAAAAAAAAAAAAAAAAAAAAAAAAAAAAAAAAAAAETV7uFjplxdVE5RpU5SaXV4TeF67AfAX2i6t7LtE/tPUu7VxqlnRvJwotSjTU0+WPrhYWfFmtvnpp2n3Ufu8qffS5OnuPyEVA1ytTsbOMqcUq1ROK+HVv/fmErV/vE60uSpJuddKSk30e/wDqvoVjtdtLeMbuH3uMqaoLM6azzOWVjC9cA02WlezubaMLHmjUk3lNxwvXYKxd9a153UFeKlUpJ8s1hZintlPPTdepBrFw/u/eUlJ5eUvk90/Xb8CsESrJ16kqk5pybyk1uVEm2s7hrnxiPn4k2ykbNp3DbhYq9uaTq02svDxy/gTbKY/taVNWtOUbdylTc/8ACm8rG/QLJpCqcltUlOEmlUcWpNbpL936/kInpTG6p0q0qkG5N9Gl4+gRNsLubUt3Tpt8098ym/VlImuTlb1ZuPLFxxH0X9Qy2s2Kmm57J8u/o28/0IRYuLRXkpuMsSjHKTfVIhp7YOHN3dZPu5xw/R9P1Cx9YfYQ0yvSvdb1CdVyXJChFZ675b+Wy+ZcPbHk9PrM2NIAAAAAAAAAAAAAAAAAAAAAAAAAAAAAAAAAAAAAAAAAAAAAAAAAAAAAI+pWdG/satpX5u7qRw3F4a9U/BrqB8I/ag4FuuE+OaLlCdayuqGbauk+V8rw44zs1tstt8rCNdmm7G7jl9OorW0qU6kXGe0o9d8b4/EbZIPEEZX1zR7uLx93k448ZN5f6FjGsbbWtCc6kJyi4x38nD4Z9MfQqLmtzquhDkquUI5UXjomumfr9TFfpH0jUKdjyS7xupKMcQbaXXwaCR7d387ucsScUt1vnZf7/EKwN3N1KnPjKm8tfzFjCq7SkqlRfsV5bZ3BI2fQo03GXOsvlSXpl9SNkmkm7v3G0drCEoOT5WnLrv1IrE1K8eSWPbj5+q8QukavVcrak6kVJ77tevUsY1HjRW0cNJ7rcrFkKMacYqOJrHhnBBL73NONOWMywopbt/Aoqq1GqioQTzL3sb/EivFFudRppOMHvnbcMlqnONRKqkvawl9SEfV/2JdbpU6t7p0cupVzWlhf4cUsbvr/AMlx9seT1t9aQkpLKafwNjS9AAAAAAAAAAAAAAAAAAAAAAAAAAAAAAAAAAAAAAAAAAAAAAAAAAAAAADiH2w+G3qfZz/bVChGpc6XUU03U5cQk0p7fvbYMcmfH7fEGt1KlW1p1knHkl0e+MeBg2r2kw7617ltScFzUZrpKL8H6/78DKMUW5tua5dRKMKnuyTXsv1W6x/vYbJF+hprr0Wrjkp01s0sNy+e+F+JFYbU9DcZ/wB3jKfcpZwt8LqEmO2Ot7OvHEnlRe8JeH/BNspjUe8tJurNOnJZw4uKymyysbirsXKj7PLGS2yl1QJGx6PP9ptbymmvB46+KMLlI24YXJk5cN39wnL25RaxFuOGkab1GMdOPSZ32vWvBcvalKPtY3XmaMuprow6OT2s33C1SFNxjTe35GWHUftM+lmvDV6tpO2rSU6cpQz7S8YvzOvHKV52eHalRoUVT5nOSWNsNp/gZsNKaVF0VKs3yp7py649SsVFColKTp5k5+9VqSx9PJEF+7uKUNKr9xNVassRyl7OX1x57BfpGUJ2+nQUt6kZc9ReWfAE8R0LsQ7Qv+h9VvbiNrUuZ3VCdGlyzwoufVvzIy1uafb32duMLzjbgV6zdWqt4Qryt6bUs8/IkpS+pnjdxqzkl8OkmTAAAAAAAAAAAAAAAAAAAAAAAAAAAAAAAAAAAAAAAAAAAAAAAAAAAAALV1Xp29F1asoximllvCy3hAcq+0reTq9j2uVqcVOio01FLq/2iXN89zG+mfH/AGfBes3Khz01UShJKSjJNYZg2sbomq07WbpVZycM4Uv4c+nVoqSpVxct1HOE5Tj4Tg9mvlkiqqd9Vl7KqY5es5SbaXxey/MGm5dmOmz1jUY29Gn+xXWcl18M/DHT5nJ1HPMPD0Ok6e5+a6DrXZPp1xRn3Evu6bzFpZWfh4fE5ceprsy6XGue652e3FnVnSnia6N009/XHqbceoaMukYu24GuFUWKCj5LG/yRnepYzom+cH8AwoONzexy10jjoc3Jz3Lw6+Lppi3WhoFHlyqS+hyZcjsw448q6FSj7Shj4GH5Kz7IhXWi284P9mvoWcliXjlaZxBwXRuKrlTSjP0XU7eLmsefzdPKwEOC69CrifJy52bhg7MeocGXTaqxxHw3K10udenBKaju8ZbXzMpz7umOXT6x25nW5lXnGo3JweM+ODpjhZGxrQklyUm5r3d8Rz5lEmrbv7pXTlzSlF7+ciLPS9whp0r3VbW2pf4lapFR36bZf0RGWMfpR2Ladp+ldmmj2GlwjG1pUfZa6ybeZSfq22bMfTTl7biViAAAAAAAAAAAAAAAAAAAAAAAAAAAAAAAAAAAAAAAAAAAAAAAAAAAAHHu1jiK+veJL3gihVqWlWdvRuLKrjEalbE504OXgpTp8phb9NmMkm1jtM1/QuJ+wnUr+ld0aFKpZbwnJKdGtFb05J7qUZRSx8y73EksyfA+uzjcXk4qvGpVjiWU08xe/wBU3+Jg2MBUo1Y5ajzLPWO5Yx0laZ3nexSzHL9rGzMbdM8Jutt4O4dr65NSlUbgnu3ucfUc/Z4ej0vTfk8u+cBaLb6LaRpW9PDfvSfVs8bk5bnd17vFwzCajoVmouknJJ+aMceSrlgsX2lWtb2oUoKXojZORh2MX/YlKM8xoRT88YL3p2JFPTuXrFY8jG5spgvdzGMcGq1tk0i3MVhrBjtnpibpLcyxrGxja3K204p/FHTx1zZxHnSpuLxCO5vmVc1xYjUrVVKThJ5XhlGyZNWWLhXHOlvR9eqd3DNvN81PKzyp52+uT0uDPuxeP1HH2ZINldUoyTnRkn4vpk2tCj7/ADuG6kkoQ54wil0it2FjNcC6lQ07iWldVJr9j7nlJyXL+CbZGWL9F+wXUrfUezPS6lGpTk+SUsQ8E5vDx4dDPH01Zz+TfTJgAAAAAAAAAAAAAAAAAAAAAAAAAAAAAAAAAAAAAAAAAAAAAAAAAAAAHOu2js5nxlYQv9IvI2OvWlGVOhUnnuq9Nvm7qpjde0lKMlvGSyvHONm2eGWnyT2o9mHaZCreXepWVavONNTrxoRdWTx4vkj7XR7mHa298rhErWSq80PYmpYfN/QqaVVYRpVIOvbOXPBSjKFTqgM1Zaa7qVP7nTk5y9neLXJ579Dn5M5Pbq4eK5Xw692f6MtOi4xWY8sVlr0/2/hg8fqOTue90vH2TUdG0yPLheBw2u1slj7pJRPhHy6GW0VqCfVFlqLNaCS2GyMfX2bMGaBcPKaEGIvE0mZ4saxVVPJ04OfJb33NsaKx+oS9iRnKwscx7SreNaydVxTnRefin1/36HZ02WrpwdXhvHbnEo1XTlGnvJPZtZO+PKWaNLM5U6smk3mMseJSM7wxw5ca7rlvYUbqhZxnLmndVpYjCCW7a8WsdCLp9y/ZEhpz4Wh/YMLmWn0u8jUuq0nzXE+bCk10Twm+VbJYLix5HejNrAAAAAAAAAAAAAAAAAAAAAAAAAAAAAAAAAAAAAAAAAAAAAAAAAAAAB4AfOvEnajQ4P7ROJ+F+PKtajTqr7xpt3DOJ0ZRfLF48t18UzDeq2du54fEWtXVK41K9qUYpU515zpzy25Jyb3z6EZ7QK1ScqtNc20YKMfhkix1vs3UKlrSUqalluT+OTyertlr2+ixlxjrWk2a5I4SyvI8nPK7evhJIz1naTTTwSTa2s1aU3Fb7l7WPcmRaXkTQrUkyi1Xa5WRYxN1JJvLIy2gVJxw8tIymLG5MfdSpb+3H6m3HBrucQKjtY7zqRXzNuONassophOyrPu6VaPO+iybJjWq5RjdTtH7UfMyT20PjnSalTT6iSbcotbL6fivxN/Dnqufnw7sa47bVJxcoNLK9Nz1o8O+FuvcQS8Gn4Z3TKx2uaXVvK97C3te8qVas1SpRj1lKTwl88kWV+mv2feBv+gezHTNErSU7101Vu2nmKqy3lFei6epnJqNeV3XQCsQAAAAAAAAAAAAAAAAAAAAAAAAAAAAAAAAAAAAAAAAAAAAAAAAAAAAAfOv24OBY69wXa8TUa8aVzpMpRw6e84Txlcy8ms4fqY5NnHfOnw1c2FV0O/ceSUXiTSyvmjFmotbZ17hUqeXJywtt9tzDLLtjPDG5XUdg7JrKf3W4m4SUYXDjTz5NZ/U8jrMpbHudDjZjduoUdXo28vu9ulUqR95romcePBcvNdmXPJ4jyvxZXoLlVOnOS9dvwOrj6Wfbmz6q/THvji/Um3On/lh/qbL02DVj1WbIWPGNzVa7yKefFLDXxRzZ8E+nThz2tl0vWXX2l1ZzZYadOGe2Wq113ec+BrbGua1fOnFtPY2YY7YZZaaVrOvVoxcYSfMdfHxxycnLWq6hfX183Tj305PbY68OzFxZXPL0sW2j8Vp89LmVP8AhnUbMrycaTi5WWsra/xyXkVCpF7OLaMe7H6Xty+2Ro3mpUa0YXX7ai9uZLLRjnjjZuMsM8pdVlL60p3do4uKba6M55dV03zHzlxlp0tG4lvLZ5hBTbg/5Xuv1PZ4M+7CV4PUYdnJYwc6Eq+ZQ5H5tdTc0adc+zfwLc65x7oNanGNSEbtSlHOXCMN5Tfl4JGPustam36RU4qMFFdEsG1oegAAAAAAAAAAAAAAAAAAAAAAAAAAAAAAAAAAAAAAAAAAAAAAAAAAAAABrXaVeaBb8J3dtxHCVayvIO3dCEeadVvwivNdc+Bq5uXDix3k3dPwZ82fbhH529qWkUdE4jvKOnSupWam+6denyTdN9M+GfD5Gvj5ceSbxdHLwZ8V1lEfsq0qGrcU1Y1YS5aVDmTxjfOEc/W53HDw6fj8JlyXbtU9I+4aOrawi6dSpspJbpy6v6Hk45by3XsXHtx1E7QOF7enRX3nnkl1Tk0vojZlz/prx4Z9p15dcM6U1Qq8rrS92lTi5zl8IrLZMc+TL0yvHhjPLCard6bUi6q4a1Fb4VSVpyP8WmbZhzfbX3cLD2+p6fG4VKVCtayltGNam4Z+DezMMsc5PLLG4X03Dh+cajXI84OXOunDFtjozlbZXka42NV4hpONGUn4GzC+WGc8OXa7qdChWfNlycuWEIrMpN9EkurO3jxt8RxcmWM9p1lVjpXdz1/VdP0KdXDhbzhK5umvWnDp8Ms349P3ObLqpxoc+PtNqV1Ss+K6TfNy4uNNnSj72FlqW224vR6MeulZ+lrF5b0o3F5SoXdnJ4V3ZzVWmvj4x/L1NV4rj6bsebHL22C1dveUVOm4yi14GvurZ2r0aPdwccbGLKOH9ulnCjxHb3SX+NSSl5ZTPT6K7xseT1+Os5XPnRlz4jVg09/Z8jst04ZjbX1l9kK5seGNTp1dYt5Ufv8AFUqFZP2YN9OZer8Tmw6nHv7a6+TpM7x90fYa6Ha80AAAAAAAAAAAAAAAAAAAAAAAAAAAAAAAAAAAAAAAAAAAAAAAAAAAAAADhX2pL6/sr/h+djJNx7zMJLKeWl+h4/yd/ljK9/4XHeOd/wDpw/tIoadrNsq1xSlSuqtFKPNHGMdTn6XLLHLw6+rwxyx1Wj9idOnR4pvaMVhulv6tSwzr6/zhK4PjvHJY79Qs1VjGTWeXc8Xu1Xta2wvF91K0sZJ3Ss6P79WMeeaXlCC3lJ+Bv4se6sM8uybaZw3pfFvFGm6necNUp8P6Jb0K0nXWJ399OMX7Mp7uOWseGM4SPb4Onx1uvA6nqst6cgvda4crcA0rWdnxBX4xqXancX1e8k7aVLmbwo564wt1nOXk6J2dvry5L+Tv9+HQOxfg+/4m4O1TWKGoV6ErW57ulRqvvKFZKKbjh7prOMrzNWfFjnja3cfPnx5Se46TwpptxbU4TnlNTcJQby4SXhn/AHjdHg9Tj27r6Tpsu6OpaVawr2EsrdROfhvdjWfL/HKNM41teSxrOK3wbOK7pyenGrLRbqtxHbzo1VQrSTnO5mtreHOoycM7OeHsvRs9Xi16ryeXu9xvPbDa3vZ/qGk8S9lsLG5hDTq9hcz7n7zXp1Jy5vvEn7zk8e9vjGGsPB6ePJjjP4PIvFyZW98cO7MtO1i541sLu7nCnTjdutd3dzb5pxjJvvHLK9ptZSW+7MJy6y22fgvbr26dxHw5RqcQu+7PbWvp1utq/fJq2r/5ab93/exz8/NxZXxHV0/By4TzWwcOWGoUaSjcUKNF9XGm3y59PI87Oz6enxy61WcuqXJTw+pq22SOHfaCaV3py86c/wAz0uh9V5fyHuNP4U0CtqXJXqU5RpJZ9Xjc3c3L2yyNHT8PdZa3ex1nUFxBZ0VdTjSo4UacXhLB5XLlqbe7w4SzT9F9JquvpdrXfWpRhP6xTPocbuSvkspq2JJWIAAAAAAAAAAAAAAAAAAAAAAAAAAAAAAAAAAAAAAAAAAAAAAAAAAAAAOOfaQ0q5uHo+oxpuVvTqd3Ukl7jy2m/jv9Dx/lcLvHP6e/8HyYzvwvtyjjeNpHh2lQq0VOSjNxklunuk0eXw53HLcetyYTKXbj3A0Z6f2i2znHu1c05U3H1xn80evzWcnD4ePw4Xj5/P2+i9LacF8Dws/Fe1il19MtrinLvaMZJ9XjcuHJcTLCX2xFpoNno9zK50irPTq8nmU7eo6fN6NdGvijv4usyxu9uPl6PHOasaDxVwJwhdX9e+udOod/Xm51XTuZU4Tk92+SGEsvywdF67bRj8brx9J/DdrONnR0TRaMvudPKhRp5hRhl5b/AJn67tmnPnzzdGHS8fH506DS0521ChbPDcIrKjFJL4JHn9Tyb/i6+n4/eTadDp8ttOL8Yk6b1WPUe41jia2VWE4NbMvHdMspuNT0bT6tjeVJ0cNTjyzi0nlZz0Z1zm1HP+KMlqFxcwouPc1VB/8Agk0voPzZfVZThwvuMB31B1suhc1JZz7cG9zC82d+2c4MJ9MtaSvK8cK1qQj/ADLBJyaS8c+l6dvKG7WGWZbYXHTH6lLEPUyjFw3tpoVdQ4osbWlBzVG1c5peGZP+h6PS2YcdrzOrw/JyzGLvBmqUKDt7Cvaw2fJKXn5fQ5uXO27dfFxajP8AAfBN/wAU9rctG0+D7vvs1KmNqVPq5P5GH47zWYRt/Pjwcd5Mn3/aUYW9rSt6fuUoKEfglhH0Empp8rbu7XCoAAAAAAAAAAAAAAAAAAAAAAAAAAAAAAAAAAAAAAAAAAAAAAAAAAAAACNqlja6lYVrG9pKrQrRcZxfl/UxzwmeNxy9M+PPLjymWPt888X8OK0uZ2FwuZWtV08vxj1i/mmj5bqMLw8lxfX9Lyzm45l+2tdpvA9rU0nSuJ9DpxV5pVSM68I/92jn2vmst/U6+Hmnb2/ty8/He/u+4z2jTUoQaeU1szg5pp28V22vTaKqRw1k58PLZl4X7vQba4i3OmmdEx01zkYmfCWmc+ZWsG/VFmemW9sjZaZaWVPFCjCHqkS8l0nasVIp1Wzjyu66cZqMnpr9iWPI38GTRyxgtbj+0ky43yys8MTRpxVXmjg2ZemEZi3tqdWO8Vuae6xs1EqlpVDryL6F3am4pr2MIx2RJs3GD1ShypvBvwasmqattn1Z0Y+WnJqUbO3jrF9qFxGE+8hGnmXhCKwl9XJnTL4kcmv5WufaRp7u+L1TtoPu41eZvHRJmrPz4dGPibfZn2a+FKGlcOXXEM6KV5q9ZyU2t1Si8RXweMnq9FxTHHu+68P5DmuWfZPUdZO154AAAAAAAAAAAAAAAAAAAAAAAAAAAAAAAAAAAAAAAAAAAAAAAAAAAAAAADmnbFplWlKlrNCiqtGcVRuY+v7svzX0PJ+S6fu1nHtfE9R2747/AMNGen1atrSla1pQcd5UnL2ZLxTPD84V725lPLFaHTlSSpSWHCTjj4PB0dRN4ytPB4tjfNFpJxRx8c3W3ly1GdlCEaR36kjiltrDXteEG8tHLnXbx42xCV1TmmlLOPI1+2dmmPlcKpW5Yp4yc9nluk8Ni0milayk1jY7un4/421xc2f8tMDrEVKU0ma8cf5N9usWqKvWpzk1FtJ7nRqemrz7jM6FqVKriPMsnPljZWyXcbRSrQdPKa6FmmKxcTi8kVg9aUe6bN+Ma60bVn7z8tzfxzy0cl01S50V6nfU51LmrGjCK/ZxeIyfV5M875YYTUZ3Q+HLrVeJbTRtKt4U/vTUZTjHflXvNvwSRlxYXOzGMOXknHjcsvp9eaRY0NM0u10+2jy0balGlBeiWD3scZjNR81llcsrlUoyYgAAAAAAAAAAAAAAAAAAAAAAAAAAAAAAAAAAAAAAAAAAAAAAAAAAAAAAAIuq2VLUNOuLKvFOnWpuDz6+JhnhM8bjWfHncMplPpxmMJWNxUsL2DpV6D5Zxf5/B9cnyvNx5YZ2V9hw8k5MJljfbAV50VqdadGScXUzsZ5Tu4YmH8eWxtWkXSjTTycmN7a35Y7TbzUowovMkjb+S6aseLy5zxdxRKnXVrbPnr1JcsIp+Jjhx3N0XKYRndAta0NOXf1OatNZlLwRt7JPDRc7btF4h4ktNEcKFXTdSuK0lt92oc6+OW0hj03cXm+0qw4qjW0/m/a0017lWPLKPxRbx8mM19JMsMrtqnFnF0bKHeLvKjb9mFNZlL4Z2+bM+Hp77rHl55PEY7TOM3cWM5XGkVLV+HeVYycvobbw+fbVObwgaFqNeFSTnJxfO5LHhl9CcmEXizrfdE1+Fel3bmuePXc5csLHVjZU6tqSw/aNcjPww2qahz02uY34Rqya3c0L6/pV6Gm2tW7u5Upyp0aUcym1FvZfBHVw43LLUcfNlMZusLw5fUpWkYV5claC5XGW0k/Jp7pmH+K2yeNx9Ddg/DNezta+v39s6VS5gqdspxxJU+rljwy8fJHq9Dw3GXK/bxPkeeZWYY306keg8sAAAAAAAAAAAAAAAAAAAAAAAAAAAAAAAAAAAAAAAAAAAAAAAAAAAAAAAAAAY3WdB0jWFFalp9C5cdoyksSS8src1cnDx8n95tt4ufk4v6Zacx7W+H7DRoabV0uypWls1OlKNOOFze8m/N9d/Q87ruHHDGds1HrfG9RnyZ5d93WrWV66dNZfQ8S4eXvy+GD4w4lVnZVZuXSLNnHxbY3OYzbQeALpavxDPUL6qnKLzGLfurwXx8zrvH246jjnL35brt1jc0nQWGuhz6bVu8pKtF+K8zKeC3bWNY0G5uE1RuKlPP8ACzZjnYwuErTtS4NuoXPfVrmrWkunPLODOcjXeJXT0uUIJTl08Cy7O3Sm6hTt6TfNFYRO3aS6axDiV2mqLuanNJPEop9UZXi3DHn1W9W+oXFakpzjJZ8zkuMjsmW4pr15SW7M5Gu3bpn2dtK+869faxOPs2lFUqb/AJ59fpFfiej8fhvK5fp5PynJrCYft2Oeh6NUvvv89JsJXec9+7eDnnz5sZPU7Md708f8mcmt+GQMmAAAAAAAAAAAAAAAAAAAAAAAAAAAAAAAAAAAAAAAAAAAAAAAAAAAAAAAAAAAAANe7QtGet8LXNrSjzXEP21Bec474+ayvmaOo4/ycdjo6Xm/FyzJwa1lnMJZXlk+b5JY+t48txj+INBpX9vKMt8mOHJYyyxljUOFez91r+/hTv7mzqqpzU6tJrKyvJ7M7ceo3JK4cuDttqfpeg9pukavKhe8RWd7p6bUWrVQq48JeT+R0dnFnPWjDDlnmXcbXOz4tpW93Xeo21e3t91Ok4qU4cuW8Ppj4mF6aa3FnUSWTKWMZc6xren0JXN7WurejyKbnVoYio9ct9OhheHX03Y8nHl6sYLiHV9SnbSu7iveQt8xj3ip8kcyaUVl+ba+pceG/pMufjnjaPX0rU6da2jdXqpQqxlOpHvHKaSxjHhu2b8eGT247z3Pf48dtC1bhvjTWdTkqOp3VhY80koZSnJZeG8dNsdWZd3HhPSZcPLfOV02DhPgOlYX9CNaVW4qykpVKlWTk2kcnLz7jbxcEldP1G3o0aKSik0jhxu677NRr1xJc736HRGi19Ldj+gy0Hgm1p14cl1df3mun1Tl0j8opL6nu9Lx/j45HzXWc35eW2eo3A6HKAAAAAAAAAAAAAAAAAAAAAAAAAAAAAAAAAAAAAAAAAAAAAAAAAAAAAAAAAAAAAAA412scLz0rUZa3Y0/7lczzVjFf4VR/wD8y/P4o8rrel898e38d1m5+PJptO4U44fVHjZYXGvcxy3EnQoqhfSq497qSXVTObjaatKhdUFGa+D8UdfHyOabwu4gdzStpSVzbQr0n+8l4ep04Zye46Jyd88Xyx+sPRru1qWtSE529WDhVozm5QnF9U09sehcuSfVrZhwy/2xn/TD3z0buVRlT7yMUlGEnzJY6bPYwvJPW23Hjwx89sn/AAjUqdGrlwtVCP8AFJYGOTTy80x8Sr8aFCMG1BYRhnk4d3K+USxhF39S4aSSWEcuTfh4Q9avHKbimZceC55tl7GeD58Sa+tQvKTel2M1Oo2tqtRbxp/q/TbxPR6Xp+67vqPK63qvx49s919ILY9d4QAAAAAAAAAAAAAAAAAAAAAAAAAAAAAAAAAAAAAAAAAAAAAAAAAAAAAAAAAAAAAAABavLaheWtW1uaUKtGrFxnCSypJ+BLNzVWWy7j5w4ss6OkcVajpdvOTha1cRU3mXI0nHPns+p5HUdPN3T6HpOptxly+zTq8Xh53PKywuNenjlLGy2NTmp9dhhdMMopu6deUG6MmvQ3Y52emHbGuX1nqMpt93GXyM+/8AayWfaJDTdTm8qjGPqkO9jZ/lfpaZcRea828eBLyJ2Ld9ilT5OhN7NaYW4vFQjJJ7sTHZ3aQbCmtQ1iztKk3GV3cU6MEt3mUks/LJ18XF6jl5ebUtfW2gaTY6JpNDTNOoqlb0I8sV4vzbfi292z2ccZjNR89nnc8rlknGTEAAAAAAAAAAAAAAAAAAAAAAAAAAAAAAAAAAAAAAAAAAAAAAAAAAAAAAAAAAAAAAAAAfOPbrQlDtLuqtGThUnb0Zprz5Wv0PL6rK4cu49voMZnw6rULDV5UbhUrmKpVM7fwz+Hr6GjLDHlnj268csuK+fTetA1CnVgsSycGfHca65lMo2OjKDj4YYlSxccaPiomyWMNVYrulyvlwS5Rljiw9/VpwTbaNbPTT9avYzlLleyN3Hjtpzy00zVNXpU6soU8Vav8ACnsvj/Q6scZPbmyytZbsljUve1Dh5V588nfRk/8A1Tlj8Dfw+c45uo8cWT7IXQ9R4oAAAAAAAAAAAAAAAAAAAAAAAAAAAAAAAAAAAAAAAAAAAAAAAAAAAAAAAAAAAAAAAAAAfOHbPdU7rtMvu5lzKhSpUZf5lHLX4nk9Z5ze98dLONq9xYUbu3cZQTyujOCZWV6VxmUYuFTV9BrKpQcq9Bfuz6pfH+pu75nNZNPZcL/Fs+jce2NaKp1qncVfGnUeH8vM0ZcFn9W3Hll9spU4noSjmNVY+Jh2ZNndEWtxRSUGlNFmFTujVtc4vtKfMql0nL+CD5pP5I24cNas+afTStV4ivdQbp0U7eg/BPM5fF+HyN+MmLmtuSxYU8Lpky2Sabx2QXNC07T+H69xUjTpq75XKTwk5RlFfi0bunus45uqm+O6fY66HqPEAAAAAAAAAAAAAAAAAAAAAAAAAAAAAAAAAAAAAAAAAAAAAAAAAAAAAAAAAAAAAAAAAGmdpHHlhwxp86VCpTudUqRxRoRlnkf8U/JL8TRzc+PHP8unp+my5r/h86xlcXV3Vu7mcqlatNzqTl1lJvLZ5Gee/b6HjwmM1GWtUuXDOauqRXWoxnBrdfkYyljXNa0SjXjLmowl8Ebcc2rLCNL1TQ61CT7ivc0fSNRo2zNpvHphaljeczVW7uai8pVG/wBTLua+1cpWnJHZfQbNL1Om1LoWGmRtE8bg0vz5orMW009mnuZ41hlHY+De37ULG3srLiKxpXFGilCveQb72UVtzOPRvHXzO7j6j6rzOXo/dxd10HivQNboU6+m6jSr06kU4tdHk6pduK42e2bKxAAAAAAAAAAAAAAAAAAAAAAAAAAAAAAAAAAAAAAAAAAAAAAAAAAAAAAAAAAADyUox6sC1OrLpFJerLpNuU9vGsazaS0/TLC6rW9vdwqTrzpyxKXK1iKfgt8s4+s5bx4zX29H4/hx5crv6coo2dSpUdSq5TnJ5cpPLfzPGy5LXv4cUk1E2lYuO+DHubJjIkRt3FdDC1nIr5WtmY2stI9eimnlElSxhdQs1NPY2Y5Ndwa/e6fht8q+hsmTXcGNr2bXg8GcyYXBF+6tPoZdzDtSaFBrwLs0kq2k1uizJjpZrWb3eDKZMLht037KFneUr/iWg+aWnwlRlBPpGo+bKXySZ6XR5XKV5XXYzGx9DWta4t1hTzBeEtzr08/bIW97TqbS9l+m6Jo2lJprKeURQAAAAAAAAAAAAAAAAAAAAAAAAAAAAAAAAAAAAAAAAAAAAAAAAAAAAAAPJSjFbtICNWuksqG5lIIrqylJZkyiVHfdfEjFpva7or1Hh+ne0oc1Wwqd7hLd02sT+iw/kcnW8V5OK6+nf8dzTi5pv1fDltO1S3SWGfO19TNLsKUVsybVdVKm1tj4DYtzoQ64Co1e3jh4/IioFe1ymsBECvp3PnZ/QsqaQLrSMLPLuZzNjcWPlpe/Q2TJruKqlp6j4JFmTDtX42kcdF9DLuTtWLu3SjiMHOcmlGKW7b2SQltui4yTb6J7KOFf+leELexqwir6tJ17xr/yy8P/AFWF8j3+n4vx4Sfb5nqub8vJcp6bZJRTUPM3OZRUov3o7NBYrt7ipBZTe3VATKV7CXvbMmlSYVIS6SRjoVAAAAAAAAAAAAAAAAAAAAAAAAAAAAAAAAAAAAAAAAAAAAAAAAAAW6tenTW7LIItS9b2gi6Ed1JzftMo89WBXycyAk0cuOPFERW4xlFxkk4vbDW3wIOQ8ecOV9AuncWlOU9Mqy9iS37lv9x+nk/l8fC67pLx3vx9f+n0fxvWzln48/7f+2qSq15fus8168hD7w/Bom2cxi/CjcNZbJ5XUUTdSPsy3Ep2z6W1JN7ou2Parh3fXGWNxO1auKMqqahH5jZ2sTd2FWLbMpmlwQKlGpFvMW/gbJk13BRioukGXuY9jo3Y9wbO8uqfEuq0cUKTzZUpL/Emv+4/ReHm9/A9XoOm3/8AJl/w8b5Lq9T8OH/P+nY0lCLnJ4SR6zw1mnmUnVksZ6LyQF2LXQCirT5X3kevivMLFDipLmQUSlHeMmgL1G+nT2qLK8yaE6hXp1UuV7k0LpAAAAAAAAAAAAAAAAAAAAAAAAAAAAAAAAAAAAAAAAAAAAAUzqQgsyaGhBr3cp5jT2XmZSCPht5bz8Sj3AHvRZYFNJupPPgBJSIK6bxLIRexlZREUVqNKvRnQr041ac1yyjJZUl5NCyX2stl3Gi6/wADqk5V9Ki6lLq6L96P+V+K9Op5HU/Hf+XH/wBPd6T5X/x5f+/9tWlZKE3CUHGUdnFrDR5V47jdWPZx5ZlNyqZ0oqLwtzGxnMmOuKWc+JhY2yocqG72IpCl5kEmnGMUWIs3EYy8BBDnbwfgZyMLdNz4M4BdzOF9rVF07fZwtpbSqesvKPp1foex0nx+/wCfJ/1/t4XXfJybw4b5/f8Ap1GjShTpqKjGEIrEUlhJL9D2fEeDtYlL7xLP/ZT2/mfn8CoReamCKqqLHtIEXIPmgQW+XDeOhVME2KJxymUWY81KXst4AyFjdtzVKr1fuv8AQliJxioAAAAAAAAAAAAAAAAAAAAAAAAAAAAAAAAAAAAAAAAACzcVWnyQ6+L8iyIg1MuTXh4+pksIxJse8o2CikNiLd1MNQXiyrEi1hyw+JKi+kB6BXTljYIurHVEQXUKi6hptjfxxd21Oo/CXSS+a3NefDhyT+U228XPycXnC6a7fcE2tTLtLypSfhGpFTX12Zw8nxmF/rdPS4vl+Sf3kv8A+Ne1DgzWKOXSpUrmP/657/R4OLk+N5cfXl6HF8twZe/DXr7T7m0m43VtWoNf+SDj+JxZ8OfH/aaehx8/HyT+GUqK6eOmDVpu28hRqVZqnSpzqTfSMIuT+iMscLldYxjlnjjN5XTO6bwVrV61KtShZUn1lXftfKK3+uDu4fjeXP8At4ebz/LcHH/W91/x/tuvD/CWl6VKNaNN3Nyv+9WS9l/yrovz9T2On6Lj4fM814fU9fy8/i3U/UbCoxgnKTSS3bZ1OFDq1HcJveND8Z/6Fk0K6W8W/oBZTxWYZJMfaiEWoPu6nK+j6BVxkHgFL6FFmaTAV04UlJPDisoIyen3Mbq2jUW0ukl5MwVIAAAAAAAAAAAAAAAAAAAAAAAAAAAAAAAAAAAAAAAADyclGDk+iAhUZOcpt9W8szYvKscTbDKKSClvAHvWIECftXiTKrI01hERWAA9AqTa6A0qU0+pEer0eQhzx6Pb4jyKluBTUhGcHCcYzi+qayvoTxfCy68xia/DmiVqrq1NMt3LHhHlT+S2NOXS8OV3cY6cet6jGamdSbGyt7Ol3VnbUrePiqcUs/HzN2HHhxzWM008nLnyXed2kqCWXJ5Mtta1K7pp8tFOtL+XovmXQt8k60s15JpbqC6f6geXL8EFiqh7gFiaxWb8wq9Sl4BHlePNFtdV0BCjPnh6k0qt9ALHPltLwKKYvmlgCjVKnd2sn4tqKCRasrn7pXjWW9Gr76/UWK2KLUoqUXlNZTMB6AAAAAAAAAAAAAAAAAAAAAAAAAAAAAAAAAAAAAAAId9U6U0/VmWMRYtpYq8r8UU0kVl7OSER2wqzKeW9yi7TeYdSCH01BL0Kv0yUFhER6AAAe5AZAJgFJrPkwaFFdU3B+cf6BNKXK4j0dOqvX2X+qAolc1Yp5tKzf8ri/wBQLSq3tT2adCFBfxVZZf8A9Y/1KH3eMn/eKs678pPEfogi5LC9mKSXkgsVx2RER5+1UZWS5R2iEW6qywqmMsPIFxSygLE33VZP92X5gSY7xYGOtqnNXrwz7sgJFt1lL6AY/X63uU14Jyf5L9QYvbWPe2Cg/BAZThy756btaj9uHu+qMbBlyAAAAAAAAAAAAAAAAAAAAAAAAAAAAAAAAAAAAAAorVFTpuT+Qk2MY5Nybb38TMi2pYnlAT4yU4Z80REaWzaZVQ4yzVmvJgS6HusCHJ//ACkV/KIv0yi6EYgUAAAAADwAmB7kCnn8AmjOE2DS3T3bbCvesgKn0AsR3lJlFUHhAUye4FLQFGeUD2WKtJoCqynzQcZe8tmBirabhr17R+El80F+mTg+WnjxYYtfva33i9nNbxUuWPrjYMoyGlPNOUX1QKplKdrdqvT2cXkI2m2qxr0IVYPMZLJgLgAAAAAAAAAAAAAAAAAAAAAAAAAAAAAAAAAAAACBf1HKfLHpH8zKIip5TKq3Lz8QJNrU6x+YSq6635l4gjGQf/yFWHmkwy+k+j4oIg0nz61P+WKC/TKpkSPcgMgMgMgeZAAeZAAUSewCAHlR52A9hsgCAqw3F4AtU4SXNlMocsvJgUST8mBRJ4jkChVFjdAW+9jTmt/ZbwBdg+7ucrpLZhGMu491xQp+FW3/ABi/9Qynpf1K57iyqVI+9jlh8XsipGIt4clPvJbKKxFP8yMk/RJPmkn47lRLvKaaZESuGrlxnOzm/wCaH6kozhiAAAAAAAAAAAAAAAAAAAAAAAAAAAAAAAAAAAKas1TpSm/BCDEybb9fEzI8fQC2+j8gFOeGpeMeoEvPNTf4BIxNzJU9Zo5eFVpyj80GU9MjRay8BETTo81/c1X/ABYC30ySZEMgEwPUwGQPQPGB4B42BQ92BUnhAU9WB74AMgV0nu16CIplNKePMqHPsBYdV5f9QLc60lHOWVVrv8rfHzQ0Idzc0oU5znCDUVnyGlXqdw6tKL5OScYRb38wiNrs0vut10abh9f+AsRLyqq95Rt8txpR7ySXi3tFfmwsUTbqTa/dj18iKlaM83Tb6PZFSsrXWUREKUpW9xC4h1pvL9UBtdGcatKNSDzGSTRgKgAAAAAAAAAAAAAAAAAAAAAAAAAAAAAAAAAAQ9QqbxpL4v8AQyxRD8Sq8kBbk8L0AtZcZPHQKk21TMWvIrGsTxRLuaNveLpQrxcv8stn+hGWH6T7GScZSTbXL4lRd0+HKpv+KWSCTJ4TBFuMsvqBcTIPcge5AZA8yB5kDwAB42B4B7kClsDyMmubD8CosSlJPOWBQ7lbpyKaW2217Lz8wI9xcTgsOEsfAoiSvlHmk08eWGFY+7uo16bjzRUXJKW/qBldPrd7bVK62VSbcV/Ktl+CCIfEV0v7N5XtyTjJt/EEY/Trpui5wXNc3Uub/JHovwIzZTuo0aGasmor6sgu6JmVy6jjyrGIx8kErM1FkIiVFnK8wMlw1Wbt6ltJ70pez/lZjRliAAAAAAAAAAAAAAAAAAAAAAAAAAAAAAAAAPJNRi5PogMXKTnOU34sz9IoXUK8kBaz1QFip7O/gFKdTkmnnZ7FhTVKEL3Tq9pJ/wCJBxz5PwY0xl1UDg2tUraXPvc95TapTT8JLqSemWftn6K5YBIs3NTGwHlBtrIF7mwB7F5JoVJge5A8bA8yAyB4AyAyBS2BQ5FgpUve38P1CLNSQIh3UOdPwfmWKhRr1aE+WUsookqvGtBoCFXjKEtt0BhNYjiUYpLNSSSfkBstlhWUVFYSikio1bji6nR0epFP2qtSFOO/m8v8ES+meE3Uzhtwt7SMpftKzivZj4fFkWst3cpxdxcyW3ReEfgEStBzVqyq/ufuoiVl6nRhEXlbbb6Ae2VV217Gth8j9mfw8xYNkW6yjAAAAAAAAAAAAAAAAAAAAAAAAAAAAAAAAABYvJfs+7zvLr8C4ohSg103MiKUgqipsBHqLPowRbc9uWaw/wAwqNW2i0ugVdtq/NFNvfozJhVzTLaFv95cOlas6j+LS/oQ2nuSjTeSEYurV562E/ErJNpZUSIrinnqBcWyA9yTQZAJgAABgU5A8yBTJlFqUgKE3iXy/MsFic2iC3UlzL1LBAu45TKI1KrKMuoEuLVSAGv8QJxurdbr2mykbBZSzYrfwKjQe0Ku6mo6dYRk1mcqsvh0X6mFbOOe63DQKFG3souS2x82IlS6qqXb5prlox6R6Z+IIy+kU+WjzY69CJU2UJYfRfEItKEU/wCN/gXSbU1Yc0Wpb+iKMno1Zzte7n71N8vxXga7FTSAAAAAAAAAAAAAAAAAAAAAAAAAAAAAAAARbhS7xya26JmWPpFkqGFvlfMKtVIPG26BtEmmm8BViovQMkWr7rw8ejAi06sqcmpbJmUSxl7Op+wUgwW7y5fK4pkZLNmsyyyjJQWxiLkUBTKW+EB7H6geoCpEHqAAeMClgU5KKJMC1NgW1lwn8V+pYixUUt9yKjSm4vp8yiio1OOxRjq+YTAuW1Zp7gY7iz2XbVU8btFixldMq509PPgVGha1B3naEqb3jRpQXw8f1ML7bMf6ugWaSpxhBc88dEVinUrV1GnXnmK/djtFfFkTbL2ziqfLTisLx8Ax2uSjlNyfMwiJf31jptDvr+6pW8PDnlhy9EurfwG10osXf6pidC2nZWr3Va4jipNfy0/D4y+hj3LrTPWdtTtaPd0+Z+LlJ5cn5tmIvAAAAAAAAAAAAAAAAAAAAAAAAAAAAAAAAABZqW8XlxzF/gWUafb8d8Ny4wu+Eri9+5a1bSSVvcwdNV00pKVKT2msPwefQTKW6W4WTbZX0yvwMmCPUWW3y5+HUqxZqUVJYxv9GRdsfdUpRTS/FFVjbpTVF5Tynkqsnps3LTqcn1efzDBRODlPoyqmWtNpdMGImQjsQJvCfUCiCb3AuJYQFSA9SJoe4AYApaAoZYKfAC3LO4FqafkwLaT7uWNm5L8mWC3KMvFgRLqLWWk2URYVGpYa/ABc0u8puUY7/ADHJyjPGGsehRa4jTq6JKok26UlLp4dGCL2iVW9MWz6FGvaHY1L7jbU7mSxThUUE2uuEjD7Z71i6PbUVCniEEvWX9Cte1+MPF5m/DPT6AROJeJdD4X0qWo6/qVGyoLZc7blN+UYreT9EY5ZSTdXHG5XUcZ1Pt1vuIOJtP4f4SsZ6bbXt5Stpahd0+aric1HmjT6R6+OX6I5r1O7rF249HccblnXddB4R0rS7hXk++v7/wDeu7ubqVM+mdo/I26/bkuX1GwFYgAAAAAAAAAAAAAAAAB//9k=','LKG','A','1','Female','2022-07-25','active','938872232442','Bidar','Bidar','Karnataka','585403','Indian','Hindu','ST','','English','','','','State Board','788273244','Father','','','','','','No','','No','No','','',NULL,NULL,NULL,'mahesh','','93829282322','','mala','','','','','','','','','','','','','','','','','','{"birthCertificate":false,"aadharCard":false,"transferCertificate":false,"medicalCertificate":false,"passportPhoto":false,"marksheet":false,"casteCertificate":false,"incomeCertificate":false}',0.0,0,100,0,0,'','2026-03-13',NULL,'2026-03-13T17:25:04.506+00:00','2026-03-13T17:25:04.506+00:00');
INSERT INTO Student VALUES('cmmp67y120001ob56ui8yrv75','20260002','vishwa','','data:image/jpeg;base64,/9j/4AAQSkZJRgABAQEBLAEsAAD/4QBWRXhpZgAATU0AKgAAAAgABAEaAAUAAAABAAAAPgEbAAUAAAABAAAARgEoAAMAAAABAAIAAAITAAMAAAABAAEAAAAAAAAAAAEsAAAAAQAAASwAAAAB/+0ALFBob3Rvc2hvcCAzLjAAOEJJTQQEAAAAAAAPHAFaAAMbJUccAQAAAgAEAP/hDW9odHRwOi8vbnMuYWRvYmUuY29tL3hhcC8xLjAvADw/eHBhY2tldCBiZWdpbj0n77u/JyBpZD0nVzVNME1wQ2VoaUh6cmVTek5UY3prYzlkJz8+Cjx4OnhtcG1ldGEgeG1sbnM6eD0nYWRvYmU6bnM6bWV0YS8nIHg6eG1wdGs9J0ltYWdlOjpFeGlmVG9vbCAxMS44OCc+CjxyZGY6UkRGIHhtbG5zOnJkZj0naHR0cDovL3d3dy53My5vcmcvMTk5OS8wMi8yMi1yZGYtc3ludGF4LW5zIyc+CgogPHJkZjpEZXNjcmlwdGlvbiByZGY6YWJvdXQ9JycKICB4bWxuczp0aWZmPSdodHRwOi8vbnMuYWRvYmUuY29tL3RpZmYvMS4wLyc+CiAgPHRpZmY6UmVzb2x1dGlvblVuaXQ+MjwvdGlmZjpSZXNvbHV0aW9uVW5pdD4KICA8dGlmZjpYUmVzb2x1dGlvbj4zMDAvMTwvdGlmZjpYUmVzb2x1dGlvbj4KICA8dGlmZjpZUmVzb2x1dGlvbj4zMDAvMTwvdGlmZjpZUmVzb2x1dGlvbj4KIDwvcmRmOkRlc2NyaXB0aW9uPgoKIDxyZGY6RGVzY3JpcHRpb24gcmRmOmFib3V0PScnCiAgeG1sbnM6eG1wPSdodHRwOi8vbnMuYWRvYmUuY29tL3hhcC8xLjAvJz4KICA8eG1wOkNyZWF0b3JUb29sPkFkb2JlIFN0b2NrIFBsYXRmb3JtPC94bXA6Q3JlYXRvclRvb2w+CiA8L3JkZjpEZXNjcmlwdGlvbj4KCiA8cmRmOkRlc2NyaXB0aW9uIHJkZjphYm91dD0nJwogIHhtbG5zOnhtcE1NPSdodHRwOi8vbnMuYWRvYmUuY29tL3hhcC8xLjAvbW0vJz4KICA8eG1wTU06RG9jdW1lbnRJRD54bXAuaWlkOmIyODM4OWQyLTQwZmItNDk2ZC1hOTVkLTNhODAyMzI4YzM3NDwveG1wTU06RG9jdW1lbnRJRD4KICA8eG1wTU06SW5zdGFuY2VJRD5hZG9iZTpkb2NpZDpzdG9jazo0MzdhZGY5MS1mMzY3LTQyZTgtOTliNi1jY2Y0NjE3ZmNlZjA8L3htcE1NOkluc3RhbmNlSUQ+CiAgPHhtcE1NOk9yaWdpbmFsRG9jdW1lbnRJRD5hZG9iZTpkb2NpZDpzdG9jazoxNDI0NTE0NzkzPC94bXBNTTpPcmlnaW5hbERvY3VtZW50SUQ+CiA8L3JkZjpEZXNjcmlwdGlvbj4KPC9yZGY6UkRGPgo8L3g6eG1wbWV0YT4KICAgICAgICAgICAgICAgICAgICAgICAgICAgICAgICAgICAgICAgICAgICAgICAgICAgICAgICAgICAgICAgICAgICAgICAgICAgICAgICAgICAgICAgICAgICAgICAgICAgIAogICAgICAgICAgICAgICAgICAgICAgICAgICAgICAgICAgICAgICAgICAgICAgICAgICAgICAgICAgICAgICAgICAgICAgICAgICAgICAgICAgICAgICAgICAgICAgICAgICAgCiAgICAgICAgICAgICAgICAgICAgICAgICAgICAgICAgICAgICAgICAgICAgICAgICAgICAgICAgICAgICAgICAgICAgICAgICAgICAgICAgICAgICAgICAgICAgICAgICAgICAKICAgICAgICAgICAgICAgICAgICAgICAgICAgICAgICAgICAgICAgICAgICAgICAgICAgICAgICAgICAgICAgICAgICAgICAgICAgICAgICAgICAgICAgICAgICAgICAgICAgIAogICAgICAgICAgICAgICAgICAgICAgICAgICAgICAgICAgICAgICAgICAgICAgICAgICAgICAgICAgICAgICAgICAgICAgICAgICAgICAgICAgICAgICAgICAgICAgICAgICAgCiAgICAgICAgICAgICAgICAgICAgICAgICAgICAgICAgICAgICAgICAgICAgICAgICAgICAgICAgICAgICAgICAgICAgICAgICAgICAgICAgICAgICAgICAgICAgICAgICAgICAKICAgICAgICAgICAgICAgICAgICAgICAgICAgICAgICAgICAgICAgICAgICAgICAgICAgICAgICAgICAgICAgICAgICAgICAgICAgICAgICAgICAgICAgICAgICAgICAgICAgIAogICAgICAgICAgICAgICAgICAgICAgICAgICAgICAgICAgICAgICAgICAgICAgICAgICAgICAgICAgICAgICAgICAgICAgICAgICAgICAgICAgICAgICAgICAgICAgICAgICAgCiAgICAgICAgICAgICAgICAgICAgICAgICAgICAgICAgICAgICAgICAgICAgICAgICAgICAgICAgICAgICAgICAgICAgICAgICAgICAgICAgICAgICAgICAgICAgICAgICAgICAKICAgICAgICAgICAgICAgICAgICAgICAgICAgICAgICAgICAgICAgICAgICAgICAgICAgICAgICAgICAgICAgICAgICAgICAgICAgICAgICAgICAgICAgICAgICAgICAgICAgIAogICAgICAgICAgICAgICAgICAgICAgICAgICAgICAgICAgICAgICAgICAgICAgICAgICAgICAgICAgICAgICAgICAgICAgICAgICAgICAgICAgICAgICAgICAgICAgICAgICAgCiAgICAgICAgICAgICAgICAgICAgICAgICAgICAgICAgICAgICAgICAgICAgICAgICAgICAgICAgICAgICAgICAgICAgICAgICAgICAgICAgICAgICAgICAgICAgICAgICAgICAKICAgICAgICAgICAgICAgICAgICAgICAgICAgICAgICAgICAgICAgICAgICAgICAgICAgICAgICAgICAgICAgICAgICAgICAgICAgICAgICAgICAgICAgICAgICAgICAgICAgIAogICAgICAgICAgICAgICAgICAgICAgICAgICAgICAgICAgICAgICAgICAgICAgICAgICAgICAgICAgICAgICAgICAgICAgICAgICAgICAgICAgICAgICAgICAgICAgICAgICAgCiAgICAgICAgICAgICAgICAgICAgICAgICAgICAgICAgICAgICAgICAgICAgICAgICAgICAgICAgICAgICAgICAgICAgICAgICAgICAgICAgICAgICAgICAgICAgICAgICAgICAKICAgICAgICAgICAgICAgICAgICAgICAgICAgICAgICAgICAgICAgICAgICAgICAgICAgICAgICAgICAgICAgICAgICAgICAgICAgICAgICAgICAgICAgICAgICAgICAgICAgIAogICAgICAgICAgICAgICAgICAgICAgICAgICAgICAgICAgICAgICAgICAgICAgICAgICAgICAgICAgICAgICAgICAgICAgICAgICAgICAgICAgICAgICAgICAgICAgICAgICAgCiAgICAgICAgICAgICAgICAgICAgICAgICAgICAgICAgICAgICAgICAgICAgICAgICAgICAgICAgICAgICAgICAgICAgICAgICAgICAgICAgICAgICAgICAgICAgICAgICAgICAKICAgICAgICAgICAgICAgICAgICAgICAgICAgICAgICAgICAgICAgICAgICAgICAgICAgICAgICAgICAgICAgICAgICAgICAgICAgICAgICAgICAgICAgICAgICAgICAgICAgIAogICAgICAgICAgICAgICAgICAgICAgICAgICAgICAgICAgICAgICAgICAgICAgICAgICAgICAgICAgICAgICAgICAgICAgICAgICAgICAgICAgICAgICAgICAgICAgICAgICAgCiAgICAgICAgICAgICAgICAgICAgICAgICAgICAgICAgICAgICAgICAgICAgICAgICAgICAgICAgICAgICAgICAgICAgICAgICAgICAgICAgICAgICAgICAgICAgICAgICAgICAKICAgICAgICAgICAgICAgICAgICAgICAgICAgICAgICAgICAgICAgICAgICAgICAgICAgICAgICAgICAgICAgICAgICAgICAgICAgICAgICAgICAgICAgICAgICAgICAgICAgIAogICAgICAgICAgICAgICAgICAgICAgICAgICAgICAgICAgICAgICAgICAgICAgICAgICAgICAgICAgICAgICAgICAgICAgICAgICAgICAgICAgICAgICAgICAgICAgICAgICAgCiAgICAgICAgICAgICAgICAgICAgICAgICAgICAgICAgICAgICAgICAgICAgICAgICAgICAgICAgICAgICAgICAgICAgICAgICAgICAgICAgICAgICAgICAgICAgICAgICAgICAKPD94cGFja2V0IGVuZD0ndyc/Pv/bAEMABQMEBAQDBQQEBAUFBQYHDAgHBwcHDwsLCQwRDxISEQ8RERMWHBcTFBoVEREYIRgaHR0fHx8TFyIkIh4kHB4fHv/bAEMBBQUFBwYHDggIDh4UERQeHh4eHh4eHh4eHh4eHh4eHh4eHh4eHh4eHh4eHh4eHh4eHh4eHh4eHh4eHh4eHh4eHv/AABEIAWgCHAMBEQACEQEDEQH/xAAdAAEAAQUBAQEAAAAAAAAAAAAABAIDBQYHAQgJ/8QAQhAAAgEDAgMFBQUFBwQCAwAAAAECAwQRBSEGEjEHE0FRYSIycYGRCBShscEjQlJi0RUkM3Lh8PEWQ1OCJZI0Y8L/xAAaAQEBAAMBAQAAAAAAAAAAAAAAAQIDBAUG/8QAKxEBAQACAQQCAgICAgIDAAAAAAECEQMEEiExBUETUSIyYdGBkUKxI3Gh/9oADAMBAAIRAxEAPwD7LAAAAAAAAAAAAAAAAAAAAAAAAAAAAAAAAAAAAAAAAAAAAAAAAAAAAAAAAAAAAAAAAAAAAAAAAAAAAAAAAAAAAAAAAAAAAAAAAAAAAAAAAAAAAAAAAAAAAAAAAAAAAAAAAAAAAAAAAAAAAAAAAAAAAAAAAAAAAAAAAAAAAAAAAAAAAAAAAAAAAAAAAAAAAAAAAAAClyinhvDA1Z8T1qnFt3olSVrpkKCi6NS5ftXafV01lLCez6v0MN3emfbO3bZqFWLis1VJ+eMGcYKu9pqOXJYxlAVRnGSzFpoD0AAAAAAAAAAAAAAAAAAAAAAAAAAAAAAAAAAAAAAAAAAAAAAAAAAAAAAAAAAAAAAAAAAAAAAC269PncE3KS6pIDD8R8W8PcP2lS51fVLe1jT96MpJzX/qtyWyLMbfTjnFP2keEaVxGGmaXfag48y5qi7mMk14N+uDC5ts4r91zvtA7QNf4l0ilqNbUdE06lCoqlvStbiFS4hJdG5PdfIxtt9tmMmLUIdrnF9i4ypaxqtS4i9p1rnnh/8AXyJNrZP0yNj258YSnRV7qfcypvMpQpJ+fyRd1j24tn0rtZtqlW2qUeIeJKNzN/3is+WpCLxlNQfVea226DZ2/wCHXNG7bNIqaHWq1J295eWdNuv3M+SNTHSUFLfD648OhlM/DXePyy+h9pj1jRrbVLSwjGnVnFTjOfuJ+bWdyzLafj1dN+0+9o3tFVaD5o9HJdMrqsmca9aSQAAAAAAAAAAAAAAAAAAAAAAAAAAAAAAAAAAAAAAAAAAAAAAAAAAAAAAAAAAAAAAAAEbU7yjYWNW7uJqFOC6vxb2S+LbSA4h2o/aG0/hWpVs9MsbfUryEuSVPv3+zlulzSSx18E2Yd36bZx/t8+8S/aD7R9e56NHVY6ZbqOVSsKPdbes23KS+aMfNZSSfTn2paxc3NKdzd3NxWq5y41ZuTk/NNk1GXdUW3v53FGU1QamlhSUuvo0UlWUrKtCcvu0oyXvKCalH5eK+ATbyVSnTUZ06mYpb5l7TC7QbzULj95xUYv2VLfHwCbTtF1itlU6rU8tdHhv/AF+g0Stid0qa7yc3Ug9m28PD88eviTTKVsfA/Gdzo8algqk3b12oyUW89U9l57E9L4r7I7KOLtCveHrSx+/0re8x/wDj106VT2t1hSxzfI2Y5Rozxu9t/M2sAAAAAAAAAAAAAAAAAAAAAAAAAAAAAAAAAAAAAAAAAAAAAAAAAAAAAAAAAAAAABlAAPnL7YnaLPSNJsuHtHuZQup1HXuKkdsRScYxi/NtvfwwYZX6bePH7fJkNTtFTnKo04xqRq4y25LEuvz2MYz2xsq9nQU7qpVk6VKHOop4b8vz/AqbWKWr17i4cbfToXLePflhL0Xw6FSVJrVqtk+Z2dS3bacqNT2ov/LJEXaFWnOu3WoN05xezfSWfMgpod5XnCpUUW8+2oPKKK9VT5P2cE5PPK8PGPLISsPYVe4uailTlDmxGUc7ZbxlfiVI2mjft2spt/4Uu7mvSS/qTTLabpt9QrQhzR5ZOn7y8Gm8fkRZW98G9pmt6JPuLjudStG+WtbXMVOE18/T6GPll4rvHZr2+aLCtPStStb6jQSg7ZKp38qX8UN3zOK2a6tdPIymevbDLi35juPDfFWgcQ0+bSNToXUsbwTxOPxi90bJlL6arjcfbNFYgAAAAAAAAAAAAAAAAAAAAAAAAAAAAAAAAAAAAAAAAAAAAAAAAAAAAAAAAAABw7VO03UOJeIL7SeD7CNzGxrSo3V/d3Lt7Og02lFcvtVJ7Zfh4epr7rfTdMJPNcV7WePeMeHtUuLKy7Q1cXEWo3lG0hU+70G17MeaTeZvrypZxu8GOr+2cs16ct1CV5rkFeatqd1qVdU+Vd5+6vBY3MpEtc/4jp1LS5xn9nNPHM00vR4EjC1jqNWdSM6LqRjFpZUt9lLPh6FY7ZDTIy3rK4lCMN04SaSXw8QsbdeQjqNCDm1Lkikmuk1nx9f6kZsdT0z71cxtIyce8eZNeMV1/wB+g0Iuq3dN0lT09KnR9pc+N5JN7/DZ7LyGk2hV7iVpF0qqlNpJySXKo+j9d+hdJtZr0KFSNO4VScXs3Tn479fwBpdp/eHZVor2XOXtt9N938cLHQgmWdSNOnWxJr2eWLfonj82FjJ6Zc0rmjRrSw3KnFv6f8kZSslFyta33ihP247ppe1F/HyJYz22LQ+0ziLRb3v7W8lzxlGW6aax0aefk/iY6p4ruugfaa1Kpb29fUtG0+VKLiq3c3P7SS8WovxM5nWH4sfqu+8B8b8PcaaYr3Qr1VcL26U1y1KfxibMcpWnLG4+2yFYgAAAAAAAAAAAAAAAAAAAAAAAAAAAAAAAAAAAAAAAAAAAAAAAAAAAAAAH0yBy/tY7TFw7SvbHTqXf3VCg516kJZVsmnyub6Jvwju31wY3Jsww35r4to6tqtjp93O2vqlKNac6icKjxKXVya68xr03bc5q3U6dbvZ1ZV5OUpftd8yfWW3VsyYbbJw/eXtxbxqYUYt8scx2WPFL/kujaDrNorycnd0p08vEJpRcn+v4iMasVNKtbK1VGlQjUqcuZyqU228fPCBrws2WjRqQlcTrTpwa5eWKSjjO+PEbJF+tcTo0HRtJybp+6vT/AGgqNR1ypbXcp7Rn7dPOeil/rsE35YzT7ylTp04TW8G18cS/oVIyFvCGrV6EYzWYbzyv3n1fx6/Ui6ZKvpMbafPPnnmSk2qe0fDGeiC6Yi7j3lfuVUi1OftYnnmSfQiLd7VaqYzyp1JYWfLCLCsrbZtLKEpx5ZP2VHyxnb8fwCxOvKz7mk1N8/cxfKv3spf8mLKIlWcpRcHyyjjdNe7LHh6DSslY6rO0toUoY5YvmXLhb9MZ/qFbVwHxxrPBuu23EujV+SkpqNalGWYyT6wkvJmPrzD3NV9+cBcTWPFvC9nr2nyzQuYZSfWL8UzdLuOazV0zpUAAAAAAAAAAAAAAAAAAAAAAAAAAAAAAAAAAAAAAAAAAAAAAAAAAAAABG1SNzLS7qNm4K5dGaoufu8+Hy59M4BHwL2uX2pWWoVNG1H+0aN22rrUqd5XU1Uu5bOaUf3cJYT6I1OmNPuLW5udNyp28k0toQw188lGmz0Wr/aDp1JpU5VMYh1fnv5ebDCxsOpahSsLehGy5IKMPdS91eH4blPTGUtdrVM3FSS76pLlhJfuLPh8F+LLETtRryqSVKlCc+XlWI9Odrxfkl+LJtUW7vIW8J0YXUIVdud01mT+beSDH07qnUipOtz1YNYqNYa3xv5rOAm2D1iv3larLZScv2iXmWMbUKnFTcXOcvPmS6FSNt4ZdhRUnO8lSk+ik0seuP6mLZNL/ABHWrQdOdKbnb8uFOC3b83gFY6ly1Md17Mt5YxhvGwItafOn36ua8eZwk+6g+nM3u36L9Cxiz9Lmr3FKjy+205S23gn5+v65FZRRqNRVr2pKPtQjhReeiW23+/EjJbspd5CUW81M5+XX80gSoV3VjCs6TSSbe3g9yCuwuKkKdSlzONCbXN4rPgFj7L+w5rt1caNq2iVpKdvbyhOi8+62t1j12Lh+mHL+30qbGkAAAAAAAAAAAAAAAAAAAAAAAAAAAAAAAAAAAAAAAAAAAAAAAAAAAAAETV7uFjplxdVE5RpU5SaXV4TeF67AfAX2i6t7LtE/tPUu7VxqlnRvJwotSjTU0+WPrhYWfFmtvnpp2n3Ufu8qffS5OnuPyEVA1ytTsbOMqcUq1ROK+HVv/fmErV/vE60uSpJuddKSk30e/wDqvoVjtdtLeMbuH3uMqaoLM6azzOWVjC9cA02WlezubaMLHmjUk3lNxwvXYKxd9a153UFeKlUpJ8s1hZintlPPTdepBrFw/u/eUlJ5eUvk90/Xb8CsESrJ16kqk5pybyk1uVEm2s7hrnxiPn4k2ykbNp3DbhYq9uaTq02svDxy/gTbKY/taVNWtOUbdylTc/8ACm8rG/QLJpCqcltUlOEmlUcWpNbpL936/kInpTG6p0q0qkG5N9Gl4+gRNsLubUt3Tpt8098ym/VlImuTlb1ZuPLFxxH0X9Qy2s2Kmm57J8u/o28/0IRYuLRXkpuMsSjHKTfVIhp7YOHN3dZPu5xw/R9P1Cx9YfYQ0yvSvdb1CdVyXJChFZ675b+Wy+ZcPbHk9PrM2NIAAAAAAAAAAAAAAAAAAAAAAAAAAAAAAAAAAAAAAAAAAAAAAAAAAAAAI+pWdG/satpX5u7qRw3F4a9U/BrqB8I/ag4FuuE+OaLlCdayuqGbauk+V8rw44zs1tstt8rCNdmm7G7jl9OorW0qU6kXGe0o9d8b4/EbZIPEEZX1zR7uLx93k448ZN5f6FjGsbbWtCc6kJyi4x38nD4Z9MfQqLmtzquhDkquUI5UXjomumfr9TFfpH0jUKdjyS7xupKMcQbaXXwaCR7d387ucsScUt1vnZf7/EKwN3N1KnPjKm8tfzFjCq7SkqlRfsV5bZ3BI2fQo03GXOsvlSXpl9SNkmkm7v3G0drCEoOT5WnLrv1IrE1K8eSWPbj5+q8QukavVcrak6kVJ77tevUsY1HjRW0cNJ7rcrFkKMacYqOJrHhnBBL73NONOWMywopbt/Aoqq1GqioQTzL3sb/EivFFudRppOMHvnbcMlqnONRKqkvawl9SEfV/2JdbpU6t7p0cupVzWlhf4cUsbvr/AMlx9seT1t9aQkpLKafwNjS9AAAAAAAAAAAAAAAAAAAAAAAAAAAAAAAAAAAAAAAAAAAAAAAAAAAAAADiH2w+G3qfZz/bVChGpc6XUU03U5cQk0p7fvbYMcmfH7fEGt1KlW1p1knHkl0e+MeBg2r2kw7617ltScFzUZrpKL8H6/78DKMUW5tua5dRKMKnuyTXsv1W6x/vYbJF+hprr0Wrjkp01s0sNy+e+F+JFYbU9DcZ/wB3jKfcpZwt8LqEmO2Ot7OvHEnlRe8JeH/BNspjUe8tJurNOnJZw4uKymyysbirsXKj7PLGS2yl1QJGx6PP9ptbymmvB46+KMLlI24YXJk5cN39wnL25RaxFuOGkab1GMdOPSZ32vWvBcvalKPtY3XmaMuprow6OT2s33C1SFNxjTe35GWHUftM+lmvDV6tpO2rSU6cpQz7S8YvzOvHKV52eHalRoUVT5nOSWNsNp/gZsNKaVF0VKs3yp7py649SsVFColKTp5k5+9VqSx9PJEF+7uKUNKr9xNVassRyl7OX1x57BfpGUJ2+nQUt6kZc9ReWfAE8R0LsQ7Qv+h9VvbiNrUuZ3VCdGlyzwoufVvzIy1uafb32duMLzjbgV6zdWqt4Qryt6bUs8/IkpS+pnjdxqzkl8OkmTAAAAAAAAAAAAAAAAAAAAAAAAAAAAAAAAAAAAAAAAAAAAAAAAAAAAALV1Xp29F1asoximllvCy3hAcq+0reTq9j2uVqcVOio01FLq/2iXN89zG+mfH/AGfBes3Khz01UShJKSjJNYZg2sbomq07WbpVZycM4Uv4c+nVoqSpVxct1HOE5Tj4Tg9mvlkiqqd9Vl7KqY5es5SbaXxey/MGm5dmOmz1jUY29Gn+xXWcl18M/DHT5nJ1HPMPD0Ok6e5+a6DrXZPp1xRn3Evu6bzFpZWfh4fE5ceprsy6XGue652e3FnVnSnia6N009/XHqbceoaMukYu24GuFUWKCj5LG/yRnepYzom+cH8AwoONzexy10jjoc3Jz3Lw6+Lppi3WhoFHlyqS+hyZcjsw448q6FSj7Shj4GH5Kz7IhXWi284P9mvoWcliXjlaZxBwXRuKrlTSjP0XU7eLmsefzdPKwEOC69CrifJy52bhg7MeocGXTaqxxHw3K10udenBKaju8ZbXzMpz7umOXT6x25nW5lXnGo3JweM+ODpjhZGxrQklyUm5r3d8Rz5lEmrbv7pXTlzSlF7+ciLPS9whp0r3VbW2pf4lapFR36bZf0RGWMfpR2Ladp+ldmmj2GlwjG1pUfZa6ybeZSfq22bMfTTl7biViAAAAAAAAAAAAAAAAAAAAAAAAAAAAAAAAAAAAAAAAAAAAAAAAAAAAHHu1jiK+veJL3gihVqWlWdvRuLKrjEalbE504OXgpTp8phb9NmMkm1jtM1/QuJ+wnUr+ld0aFKpZbwnJKdGtFb05J7qUZRSx8y73EksyfA+uzjcXk4qvGpVjiWU08xe/wBU3+Jg2MBUo1Y5ajzLPWO5Yx0laZ3nexSzHL9rGzMbdM8Jutt4O4dr65NSlUbgnu3ucfUc/Z4ej0vTfk8u+cBaLb6LaRpW9PDfvSfVs8bk5bnd17vFwzCajoVmouknJJ+aMceSrlgsX2lWtb2oUoKXojZORh2MX/YlKM8xoRT88YL3p2JFPTuXrFY8jG5spgvdzGMcGq1tk0i3MVhrBjtnpibpLcyxrGxja3K204p/FHTx1zZxHnSpuLxCO5vmVc1xYjUrVVKThJ5XhlGyZNWWLhXHOlvR9eqd3DNvN81PKzyp52+uT0uDPuxeP1HH2ZINldUoyTnRkn4vpk2tCj7/ADuG6kkoQ54wil0it2FjNcC6lQ07iWldVJr9j7nlJyXL+CbZGWL9F+wXUrfUezPS6lGpTk+SUsQ8E5vDx4dDPH01Zz+TfTJgAAAAAAAAAAAAAAAAAAAAAAAAAAAAAAAAAAAAAAAAAAAAAAAAAAAAHOu2js5nxlYQv9IvI2OvWlGVOhUnnuq9Nvm7qpjde0lKMlvGSyvHONm2eGWnyT2o9mHaZCreXepWVavONNTrxoRdWTx4vkj7XR7mHa298rhErWSq80PYmpYfN/QqaVVYRpVIOvbOXPBSjKFTqgM1Zaa7qVP7nTk5y9neLXJ579Dn5M5Pbq4eK5Xw692f6MtOi4xWY8sVlr0/2/hg8fqOTue90vH2TUdG0yPLheBw2u1slj7pJRPhHy6GW0VqCfVFlqLNaCS2GyMfX2bMGaBcPKaEGIvE0mZ4saxVVPJ04OfJb33NsaKx+oS9iRnKwscx7SreNaydVxTnRefin1/36HZ02WrpwdXhvHbnEo1XTlGnvJPZtZO+PKWaNLM5U6smk3mMseJSM7wxw5ca7rlvYUbqhZxnLmndVpYjCCW7a8WsdCLp9y/ZEhpz4Wh/YMLmWn0u8jUuq0nzXE+bCk10Twm+VbJYLix5HejNrAAAAAAAAAAAAAAAAAAAAAAAAAAAAAAAAAAAAAAAAAAAAAAAAAAAAB4AfOvEnajQ4P7ROJ+F+PKtajTqr7xpt3DOJ0ZRfLF48t18UzDeq2du54fEWtXVK41K9qUYpU515zpzy25Jyb3z6EZ7QK1ScqtNc20YKMfhkix1vs3UKlrSUqalluT+OTyertlr2+ixlxjrWk2a5I4SyvI8nPK7evhJIz1naTTTwSTa2s1aU3Fb7l7WPcmRaXkTQrUkyi1Xa5WRYxN1JJvLIy2gVJxw8tIymLG5MfdSpb+3H6m3HBrucQKjtY7zqRXzNuONassophOyrPu6VaPO+iybJjWq5RjdTtH7UfMyT20PjnSalTT6iSbcotbL6fivxN/Dnqufnw7sa47bVJxcoNLK9Nz1o8O+FuvcQS8Gn4Z3TKx2uaXVvK97C3te8qVas1SpRj1lKTwl88kWV+mv2feBv+gezHTNErSU7101Vu2nmKqy3lFei6epnJqNeV3XQCsQAAAAAAAAAAAAAAAAAAAAAAAAAAAAAAAAAAAAAAAAAAAAAAAAAAAAAfOv24OBY69wXa8TUa8aVzpMpRw6e84Txlcy8ms4fqY5NnHfOnw1c2FV0O/ceSUXiTSyvmjFmotbZ17hUqeXJywtt9tzDLLtjPDG5XUdg7JrKf3W4m4SUYXDjTz5NZ/U8jrMpbHudDjZjduoUdXo28vu9ulUqR95romcePBcvNdmXPJ4jyvxZXoLlVOnOS9dvwOrj6Wfbmz6q/THvji/Um3On/lh/qbL02DVj1WbIWPGNzVa7yKefFLDXxRzZ8E+nThz2tl0vWXX2l1ZzZYadOGe2Wq113ec+BrbGua1fOnFtPY2YY7YZZaaVrOvVoxcYSfMdfHxxycnLWq6hfX183Tj305PbY68OzFxZXPL0sW2j8Vp89LmVP8AhnUbMrycaTi5WWsra/xyXkVCpF7OLaMe7H6Xty+2Ro3mpUa0YXX7ai9uZLLRjnjjZuMsM8pdVlL60p3do4uKba6M55dV03zHzlxlp0tG4lvLZ5hBTbg/5Xuv1PZ4M+7CV4PUYdnJYwc6Eq+ZQ5H5tdTc0adc+zfwLc65x7oNanGNSEbtSlHOXCMN5Tfl4JGPustam36RU4qMFFdEsG1oegAAAAAAAAAAAAAAAAAAAAAAAAAAAAAAAAAAAAAAAAAAAAAAAAAAAAABrXaVeaBb8J3dtxHCVayvIO3dCEeadVvwivNdc+Bq5uXDix3k3dPwZ82fbhH529qWkUdE4jvKOnSupWam+6denyTdN9M+GfD5Gvj5ceSbxdHLwZ8V1lEfsq0qGrcU1Y1YS5aVDmTxjfOEc/W53HDw6fj8JlyXbtU9I+4aOrawi6dSpspJbpy6v6Hk45by3XsXHtx1E7QOF7enRX3nnkl1Tk0vojZlz/prx4Z9p15dcM6U1Qq8rrS92lTi5zl8IrLZMc+TL0yvHhjPLCard6bUi6q4a1Fb4VSVpyP8WmbZhzfbX3cLD2+p6fG4VKVCtayltGNam4Z+DezMMsc5PLLG4X03Dh+cajXI84OXOunDFtjozlbZXka42NV4hpONGUn4GzC+WGc8OXa7qdChWfNlycuWEIrMpN9EkurO3jxt8RxcmWM9p1lVjpXdz1/VdP0KdXDhbzhK5umvWnDp8Ms349P3ObLqpxoc+PtNqV1Ss+K6TfNy4uNNnSj72FlqW224vR6MeulZ+lrF5b0o3F5SoXdnJ4V3ZzVWmvj4x/L1NV4rj6bsebHL22C1dveUVOm4yi14GvurZ2r0aPdwccbGLKOH9ulnCjxHb3SX+NSSl5ZTPT6K7xseT1+Os5XPnRlz4jVg09/Z8jst04ZjbX1l9kK5seGNTp1dYt5Ufv8AFUqFZP2YN9OZer8Tmw6nHv7a6+TpM7x90fYa6Ha80AAAAAAAAAAAAAAAAAAAAAAAAAAAAAAAAAAAAAAAAAAAAAAAAAAAAAADhX2pL6/sr/h+djJNx7zMJLKeWl+h4/yd/ljK9/4XHeOd/wDpw/tIoadrNsq1xSlSuqtFKPNHGMdTn6XLLHLw6+rwxyx1Wj9idOnR4pvaMVhulv6tSwzr6/zhK4PjvHJY79Qs1VjGTWeXc8Xu1Xta2wvF91K0sZJ3Ss6P79WMeeaXlCC3lJ+Bv4se6sM8uybaZw3pfFvFGm6necNUp8P6Jb0K0nXWJ399OMX7Mp7uOWseGM4SPb4Onx1uvA6nqst6cgvda4crcA0rWdnxBX4xqXancX1e8k7aVLmbwo564wt1nOXk6J2dvry5L+Tv9+HQOxfg+/4m4O1TWKGoV6ErW57ulRqvvKFZKKbjh7prOMrzNWfFjnja3cfPnx5Se46TwpptxbU4TnlNTcJQby4SXhn/AHjdHg9Tj27r6Tpsu6OpaVawr2EsrdROfhvdjWfL/HKNM41teSxrOK3wbOK7pyenGrLRbqtxHbzo1VQrSTnO5mtreHOoycM7OeHsvRs9Xi16ryeXu9xvPbDa3vZ/qGk8S9lsLG5hDTq9hcz7n7zXp1Jy5vvEn7zk8e9vjGGsPB6ePJjjP4PIvFyZW98cO7MtO1i541sLu7nCnTjdutd3dzb5pxjJvvHLK9ptZSW+7MJy6y22fgvbr26dxHw5RqcQu+7PbWvp1utq/fJq2r/5ab93/exz8/NxZXxHV0/By4TzWwcOWGoUaSjcUKNF9XGm3y59PI87Oz6enxy61WcuqXJTw+pq22SOHfaCaV3py86c/wAz0uh9V5fyHuNP4U0CtqXJXqU5RpJZ9Xjc3c3L2yyNHT8PdZa3ex1nUFxBZ0VdTjSo4UacXhLB5XLlqbe7w4SzT9F9JquvpdrXfWpRhP6xTPocbuSvkspq2JJWIAAAAAAAAAAAAAAAAAAAAAAAAAAAAAAAAAAAAAAAAAAAAAAAAAAAAAOOfaQ0q5uHo+oxpuVvTqd3Ukl7jy2m/jv9Dx/lcLvHP6e/8HyYzvwvtyjjeNpHh2lQq0VOSjNxklunuk0eXw53HLcetyYTKXbj3A0Z6f2i2znHu1c05U3H1xn80evzWcnD4ePw4Xj5/P2+i9LacF8Dws/Fe1il19MtrinLvaMZJ9XjcuHJcTLCX2xFpoNno9zK50irPTq8nmU7eo6fN6NdGvijv4usyxu9uPl6PHOasaDxVwJwhdX9e+udOod/Xm51XTuZU4Tk92+SGEsvywdF67bRj8brx9J/DdrONnR0TRaMvudPKhRp5hRhl5b/AJn67tmnPnzzdGHS8fH506DS0521ChbPDcIrKjFJL4JHn9Tyb/i6+n4/eTadDp8ttOL8Yk6b1WPUe41jia2VWE4NbMvHdMspuNT0bT6tjeVJ0cNTjyzi0nlZz0Z1zm1HP+KMlqFxcwouPc1VB/8Agk0voPzZfVZThwvuMB31B1suhc1JZz7cG9zC82d+2c4MJ9MtaSvK8cK1qQj/ADLBJyaS8c+l6dvKG7WGWZbYXHTH6lLEPUyjFw3tpoVdQ4osbWlBzVG1c5peGZP+h6PS2YcdrzOrw/JyzGLvBmqUKDt7Cvaw2fJKXn5fQ5uXO27dfFxajP8AAfBN/wAU9rctG0+D7vvs1KmNqVPq5P5GH47zWYRt/Pjwcd5Mn3/aUYW9rSt6fuUoKEfglhH0Empp8rbu7XCoAAAAAAAAAAAAAAAAAAAAAAAAAAAAAAAAAAAAAAAAAAAAAAAAAAAAACNqlja6lYVrG9pKrQrRcZxfl/UxzwmeNxy9M+PPLjymWPt888X8OK0uZ2FwuZWtV08vxj1i/mmj5bqMLw8lxfX9Lyzm45l+2tdpvA9rU0nSuJ9DpxV5pVSM68I/92jn2vmst/U6+Hmnb2/ty8/He/u+4z2jTUoQaeU1szg5pp28V22vTaKqRw1k58PLZl4X7vQba4i3OmmdEx01zkYmfCWmc+ZWsG/VFmemW9sjZaZaWVPFCjCHqkS8l0nasVIp1Wzjyu66cZqMnpr9iWPI38GTRyxgtbj+0ky43yys8MTRpxVXmjg2ZemEZi3tqdWO8Vuae6xs1EqlpVDryL6F3am4pr2MIx2RJs3GD1ShypvBvwasmqattn1Z0Y+WnJqUbO3jrF9qFxGE+8hGnmXhCKwl9XJnTL4kcmv5WufaRp7u+L1TtoPu41eZvHRJmrPz4dGPibfZn2a+FKGlcOXXEM6KV5q9ZyU2t1Si8RXweMnq9FxTHHu+68P5DmuWfZPUdZO154AAAAAAAAAAAAAAAAAAAAAAAAAAAAAAAAAAAAAAAAAAAAAAAAAAAAAAADmnbFplWlKlrNCiqtGcVRuY+v7svzX0PJ+S6fu1nHtfE9R2747/AMNGen1atrSla1pQcd5UnL2ZLxTPD84V725lPLFaHTlSSpSWHCTjj4PB0dRN4ytPB4tjfNFpJxRx8c3W3ly1GdlCEaR36kjiltrDXteEG8tHLnXbx42xCV1TmmlLOPI1+2dmmPlcKpW5Yp4yc9nluk8Ni0milayk1jY7un4/421xc2f8tMDrEVKU0ma8cf5N9usWqKvWpzk1FtJ7nRqemrz7jM6FqVKriPMsnPljZWyXcbRSrQdPKa6FmmKxcTi8kVg9aUe6bN+Ma60bVn7z8tzfxzy0cl01S50V6nfU51LmrGjCK/ZxeIyfV5M875YYTUZ3Q+HLrVeJbTRtKt4U/vTUZTjHflXvNvwSRlxYXOzGMOXknHjcsvp9eaRY0NM0u10+2jy0balGlBeiWD3scZjNR81llcsrlUoyYgAAAAAAAAAAAAAAAAAAAAAAAAAAAAAAAAAAAAAAAAAAAAAAAAAAAAAAAIuq2VLUNOuLKvFOnWpuDz6+JhnhM8bjWfHncMplPpxmMJWNxUsL2DpV6D5Zxf5/B9cnyvNx5YZ2V9hw8k5MJljfbAV50VqdadGScXUzsZ5Tu4YmH8eWxtWkXSjTTycmN7a35Y7TbzUowovMkjb+S6aseLy5zxdxRKnXVrbPnr1JcsIp+Jjhx3N0XKYRndAta0NOXf1OatNZlLwRt7JPDRc7btF4h4ktNEcKFXTdSuK0lt92oc6+OW0hj03cXm+0qw4qjW0/m/a0017lWPLKPxRbx8mM19JMsMrtqnFnF0bKHeLvKjb9mFNZlL4Z2+bM+Hp77rHl55PEY7TOM3cWM5XGkVLV+HeVYycvobbw+fbVObwgaFqNeFSTnJxfO5LHhl9CcmEXizrfdE1+Fel3bmuePXc5csLHVjZU6tqSw/aNcjPww2qahz02uY34Rqya3c0L6/pV6Gm2tW7u5Upyp0aUcym1FvZfBHVw43LLUcfNlMZusLw5fUpWkYV5claC5XGW0k/Jp7pmH+K2yeNx9Ddg/DNezta+v39s6VS5gqdspxxJU+rljwy8fJHq9Dw3GXK/bxPkeeZWYY306keg8sAAAAAAAAAAAAAAAAAAAAAAAAAAAAAAAAAAAAAAAAAAAAAAAAAAAAAAAAAAY3WdB0jWFFalp9C5cdoyksSS8src1cnDx8n95tt4ufk4v6Zacx7W+H7DRoabV0uypWls1OlKNOOFze8m/N9d/Q87ruHHDGds1HrfG9RnyZ5d93WrWV66dNZfQ8S4eXvy+GD4w4lVnZVZuXSLNnHxbY3OYzbQeALpavxDPUL6qnKLzGLfurwXx8zrvH246jjnL35brt1jc0nQWGuhz6bVu8pKtF+K8zKeC3bWNY0G5uE1RuKlPP8ACzZjnYwuErTtS4NuoXPfVrmrWkunPLODOcjXeJXT0uUIJTl08Cy7O3Sm6hTt6TfNFYRO3aS6axDiV2mqLuanNJPEop9UZXi3DHn1W9W+oXFakpzjJZ8zkuMjsmW4pr15SW7M5Gu3bpn2dtK+869faxOPs2lFUqb/AJ59fpFfiej8fhvK5fp5PynJrCYft2Oeh6NUvvv89JsJXec9+7eDnnz5sZPU7Md708f8mcmt+GQMmAAAAAAAAAAAAAAAAAAAAAAAAAAAAAAAAAAAAAAAAAAAAAAAAAAAAAAAAAAAAANe7QtGet8LXNrSjzXEP21Bec474+ayvmaOo4/ycdjo6Xm/FyzJwa1lnMJZXlk+b5JY+t48txj+INBpX9vKMt8mOHJYyyxljUOFez91r+/hTv7mzqqpzU6tJrKyvJ7M7ceo3JK4cuDttqfpeg9pukavKhe8RWd7p6bUWrVQq48JeT+R0dnFnPWjDDlnmXcbXOz4tpW93Xeo21e3t91Ok4qU4cuW8Ppj4mF6aa3FnUSWTKWMZc6xren0JXN7WurejyKbnVoYio9ct9OhheHX03Y8nHl6sYLiHV9SnbSu7iveQt8xj3ip8kcyaUVl+ba+pceG/pMufjnjaPX0rU6da2jdXqpQqxlOpHvHKaSxjHhu2b8eGT247z3Pf48dtC1bhvjTWdTkqOp3VhY80koZSnJZeG8dNsdWZd3HhPSZcPLfOV02DhPgOlYX9CNaVW4qykpVKlWTk2kcnLz7jbxcEldP1G3o0aKSik0jhxu677NRr1xJc736HRGi19Ldj+gy0Hgm1p14cl1df3mun1Tl0j8opL6nu9Lx/j45HzXWc35eW2eo3A6HKAAAAAAAAAAAAAAAAAAAAAAAAAAAAAAAAAAAAAAAAAAAAAAAAAAAAAAAAAAAAAAA412scLz0rUZa3Y0/7lczzVjFf4VR/wD8y/P4o8rrel898e38d1m5+PJptO4U44fVHjZYXGvcxy3EnQoqhfSq497qSXVTObjaatKhdUFGa+D8UdfHyOabwu4gdzStpSVzbQr0n+8l4ep04Zye46Jyd88Xyx+sPRru1qWtSE529WDhVozm5QnF9U09sehcuSfVrZhwy/2xn/TD3z0buVRlT7yMUlGEnzJY6bPYwvJPW23Hjwx89sn/AAjUqdGrlwtVCP8AFJYGOTTy80x8Sr8aFCMG1BYRhnk4d3K+USxhF39S4aSSWEcuTfh4Q9avHKbimZceC55tl7GeD58Sa+tQvKTel2M1Oo2tqtRbxp/q/TbxPR6Xp+67vqPK63qvx49s919ILY9d4QAAAAAAAAAAAAAAAAAAAAAAAAAAAAAAAAAAAAAAAAAAAAAAAAAAAAAAAAAAAAAAABavLaheWtW1uaUKtGrFxnCSypJ+BLNzVWWy7j5w4ss6OkcVajpdvOTha1cRU3mXI0nHPns+p5HUdPN3T6HpOptxly+zTq8Xh53PKywuNenjlLGy2NTmp9dhhdMMopu6deUG6MmvQ3Y52emHbGuX1nqMpt93GXyM+/8AayWfaJDTdTm8qjGPqkO9jZ/lfpaZcRea828eBLyJ2Ld9ilT5OhN7NaYW4vFQjJJ7sTHZ3aQbCmtQ1iztKk3GV3cU6MEt3mUks/LJ18XF6jl5ebUtfW2gaTY6JpNDTNOoqlb0I8sV4vzbfi292z2ccZjNR89nnc8rlknGTEAAAAAAAAAAAAAAAAAAAAAAAAAAAAAAAAAAAAAAAAAAAAAAAAAAAAAAAAAAAAAAAAAfOPbrQlDtLuqtGThUnb0Zprz5Wv0PL6rK4cu49voMZnw6rULDV5UbhUrmKpVM7fwz+Hr6GjLDHlnj268csuK+fTetA1CnVgsSycGfHca65lMo2OjKDj4YYlSxccaPiomyWMNVYrulyvlwS5Rljiw9/VpwTbaNbPTT9avYzlLleyN3Hjtpzy00zVNXpU6soU8Vav8ACnsvj/Q6scZPbmyytZbsljUve1Dh5V588nfRk/8A1Tlj8Dfw+c45uo8cWT7IXQ9R4oAAAAAAAAAAAAAAAAAAAAAAAAAAAAAAAAAAAAAAAAAAAAAAAAAAAAAAAAAAAAAAAAAAfOHbPdU7rtMvu5lzKhSpUZf5lHLX4nk9Z5ze98dLONq9xYUbu3cZQTyujOCZWV6VxmUYuFTV9BrKpQcq9Bfuz6pfH+pu75nNZNPZcL/Fs+jce2NaKp1qncVfGnUeH8vM0ZcFn9W3Hll9spU4noSjmNVY+Jh2ZNndEWtxRSUGlNFmFTujVtc4vtKfMql0nL+CD5pP5I24cNas+afTStV4ivdQbp0U7eg/BPM5fF+HyN+MmLmtuSxYU8Lpky2Sabx2QXNC07T+H69xUjTpq75XKTwk5RlFfi0bunus45uqm+O6fY66HqPEAAAAAAAAAAAAAAAAAAAAAAAAAAAAAAAAAAAAAAAAAAAAAAAAAAAAAAAAAAAAAAAAAGmdpHHlhwxp86VCpTudUqRxRoRlnkf8U/JL8TRzc+PHP8unp+my5r/h86xlcXV3Vu7mcqlatNzqTl1lJvLZ5Gee/b6HjwmM1GWtUuXDOauqRXWoxnBrdfkYyljXNa0SjXjLmowl8Ebcc2rLCNL1TQ61CT7ivc0fSNRo2zNpvHphaljeczVW7uai8pVG/wBTLua+1cpWnJHZfQbNL1Om1LoWGmRtE8bg0vz5orMW009mnuZ41hlHY+De37ULG3srLiKxpXFGilCveQb72UVtzOPRvHXzO7j6j6rzOXo/dxd10HivQNboU6+m6jSr06kU4tdHk6pduK42e2bKxAAAAAAAAAAAAAAAAAAAAAAAAAAAAAAAAAAAAAAAAAAAAAAAAAAAAAAAAAAADyUox6sC1OrLpFJerLpNuU9vGsazaS0/TLC6rW9vdwqTrzpyxKXK1iKfgt8s4+s5bx4zX29H4/hx5crv6coo2dSpUdSq5TnJ5cpPLfzPGy5LXv4cUk1E2lYuO+DHubJjIkRt3FdDC1nIr5WtmY2stI9eimnlElSxhdQs1NPY2Y5Ndwa/e6fht8q+hsmTXcGNr2bXg8GcyYXBF+6tPoZdzDtSaFBrwLs0kq2k1uizJjpZrWb3eDKZMLht037KFneUr/iWg+aWnwlRlBPpGo+bKXySZ6XR5XKV5XXYzGx9DWta4t1hTzBeEtzr08/bIW97TqbS9l+m6Jo2lJprKeURQAAAAAAAAAAAAAAAAAAAAAAAAAAAAAAAAAAAAAAAAAAAAAAAAAAAAAAPJSjFbtICNWuksqG5lIIrqylJZkyiVHfdfEjFpva7or1Hh+ne0oc1Wwqd7hLd02sT+iw/kcnW8V5OK6+nf8dzTi5pv1fDltO1S3SWGfO19TNLsKUVsybVdVKm1tj4DYtzoQ64Co1e3jh4/IioFe1ymsBECvp3PnZ/QsqaQLrSMLPLuZzNjcWPlpe/Q2TJruKqlp6j4JFmTDtX42kcdF9DLuTtWLu3SjiMHOcmlGKW7b2SQltui4yTb6J7KOFf+leELexqwir6tJ17xr/yy8P/AFWF8j3+n4vx4Sfb5nqub8vJcp6bZJRTUPM3OZRUov3o7NBYrt7ipBZTe3VATKV7CXvbMmlSYVIS6SRjoVAAAAAAAAAAAAAAAAAAAAAAAAAAAAAAAAAAAAAAAAAAAAAAAAAAW6tenTW7LIItS9b2gi6Ed1JzftMo89WBXycyAk0cuOPFERW4xlFxkk4vbDW3wIOQ8ecOV9AuncWlOU9Mqy9iS37lv9x+nk/l8fC67pLx3vx9f+n0fxvWzln48/7f+2qSq15fus8168hD7w/Bom2cxi/CjcNZbJ5XUUTdSPsy3Ep2z6W1JN7ou2Parh3fXGWNxO1auKMqqahH5jZ2sTd2FWLbMpmlwQKlGpFvMW/gbJk13BRioukGXuY9jo3Y9wbO8uqfEuq0cUKTzZUpL/Emv+4/ReHm9/A9XoOm3/8AJl/w8b5Lq9T8OH/P+nY0lCLnJ4SR6zw1mnmUnVksZ6LyQF2LXQCirT5X3kevivMLFDipLmQUSlHeMmgL1G+nT2qLK8yaE6hXp1UuV7k0LpAAAAAAAAAAAAAAAAAAAAAAAAAAAAAAAAAAAAAAAAAAAAAUzqQgsyaGhBr3cp5jT2XmZSCPht5bz8Sj3AHvRZYFNJupPPgBJSIK6bxLIRexlZREUVqNKvRnQr041ac1yyjJZUl5NCyX2stl3Gi6/wADqk5V9Ki6lLq6L96P+V+K9Op5HU/Hf+XH/wBPd6T5X/x5f+/9tWlZKE3CUHGUdnFrDR5V47jdWPZx5ZlNyqZ0oqLwtzGxnMmOuKWc+JhY2yocqG72IpCl5kEmnGMUWIs3EYy8BBDnbwfgZyMLdNz4M4BdzOF9rVF07fZwtpbSqesvKPp1foex0nx+/wCfJ/1/t4XXfJybw4b5/f8Ap1GjShTpqKjGEIrEUlhJL9D2fEeDtYlL7xLP/ZT2/mfn8CoReamCKqqLHtIEXIPmgQW+XDeOhVME2KJxymUWY81KXst4AyFjdtzVKr1fuv8AQliJxioAAAAAAAAAAAAAAAAAAAAAAAAAAAAAAAAAAAAAAAAACzcVWnyQ6+L8iyIg1MuTXh4+pksIxJse8o2CikNiLd1MNQXiyrEi1hyw+JKi+kB6BXTljYIurHVEQXUKi6hptjfxxd21Oo/CXSS+a3NefDhyT+U228XPycXnC6a7fcE2tTLtLypSfhGpFTX12Zw8nxmF/rdPS4vl+Sf3kv8A+Ne1DgzWKOXSpUrmP/657/R4OLk+N5cfXl6HF8twZe/DXr7T7m0m43VtWoNf+SDj+JxZ8OfH/aaehx8/HyT+GUqK6eOmDVpu28hRqVZqnSpzqTfSMIuT+iMscLldYxjlnjjN5XTO6bwVrV61KtShZUn1lXftfKK3+uDu4fjeXP8At4ebz/LcHH/W91/x/tuvD/CWl6VKNaNN3Nyv+9WS9l/yrovz9T2On6Lj4fM814fU9fy8/i3U/UbCoxgnKTSS3bZ1OFDq1HcJveND8Z/6Fk0K6W8W/oBZTxWYZJMfaiEWoPu6nK+j6BVxkHgFL6FFmaTAV04UlJPDisoIyen3Mbq2jUW0ukl5MwVIAAAAAAAAAAAAAAAAAAAAAAAAAAAAAAAAAAAAAAAADyclGDk+iAhUZOcpt9W8szYvKscTbDKKSClvAHvWIECftXiTKrI01hERWAA9AqTa6A0qU0+pEer0eQhzx6Pb4jyKluBTUhGcHCcYzi+qayvoTxfCy68xia/DmiVqrq1NMt3LHhHlT+S2NOXS8OV3cY6cet6jGamdSbGyt7Ol3VnbUrePiqcUs/HzN2HHhxzWM008nLnyXed2kqCWXJ5Mtta1K7pp8tFOtL+XovmXQt8k60s15JpbqC6f6geXL8EFiqh7gFiaxWb8wq9Sl4BHlePNFtdV0BCjPnh6k0qt9ALHPltLwKKYvmlgCjVKnd2sn4tqKCRasrn7pXjWW9Gr76/UWK2KLUoqUXlNZTMB6AAAAAAAAAAAAAAAAAAAAAAAAAAAAAAAAAAAAAAAId9U6U0/VmWMRYtpYq8r8UU0kVl7OSER2wqzKeW9yi7TeYdSCH01BL0Kv0yUFhER6AAAe5AZAJgFJrPkwaFFdU3B+cf6BNKXK4j0dOqvX2X+qAolc1Yp5tKzf8ri/wBQLSq3tT2adCFBfxVZZf8A9Y/1KH3eMn/eKs678pPEfogi5LC9mKSXkgsVx2RER5+1UZWS5R2iEW6qywqmMsPIFxSygLE33VZP92X5gSY7xYGOtqnNXrwz7sgJFt1lL6AY/X63uU14Jyf5L9QYvbWPe2Cg/BAZThy756btaj9uHu+qMbBlyAAAAAAAAAAAAAAAAAAAAAAAAAAAAAAAAAAAAAAorVFTpuT+Qk2MY5Nybb38TMi2pYnlAT4yU4Z80REaWzaZVQ4yzVmvJgS6HusCHJ//ACkV/KIv0yi6EYgUAAAAADwAmB7kCnn8AmjOE2DS3T3bbCvesgKn0AsR3lJlFUHhAUye4FLQFGeUD2WKtJoCqynzQcZe8tmBirabhr17R+El80F+mTg+WnjxYYtfva33i9nNbxUuWPrjYMoyGlPNOUX1QKplKdrdqvT2cXkI2m2qxr0IVYPMZLJgLgAAAAAAAAAAAAAAAAAAAAAAAAAAAAAAAAAAAACBf1HKfLHpH8zKIip5TKq3Lz8QJNrU6x+YSq6635l4gjGQf/yFWHmkwy+k+j4oIg0nz61P+WKC/TKpkSPcgMgMgMgeZAAeZAAUSewCAHlR52A9hsgCAqw3F4AtU4SXNlMocsvJgUST8mBRJ4jkChVFjdAW+9jTmt/ZbwBdg+7ucrpLZhGMu491xQp+FW3/ABi/9Qynpf1K57iyqVI+9jlh8XsipGIt4clPvJbKKxFP8yMk/RJPmkn47lRLvKaaZESuGrlxnOzm/wCaH6kozhiAAAAAAAAAAAAAAAAAAAAAAAAAAAAAAAAAAAKas1TpSm/BCDEybb9fEzI8fQC2+j8gFOeGpeMeoEvPNTf4BIxNzJU9Zo5eFVpyj80GU9MjRay8BETTo81/c1X/ABYC30ySZEMgEwPUwGQPQPGB4B42BQ92BUnhAU9WB74AMgV0nu16CIplNKePMqHPsBYdV5f9QLc60lHOWVVrv8rfHzQ0Idzc0oU5znCDUVnyGlXqdw6tKL5OScYRb38wiNrs0vut10abh9f+AsRLyqq95Rt8txpR7ySXi3tFfmwsUTbqTa/dj18iKlaM83Tb6PZFSsrXWUREKUpW9xC4h1pvL9UBtdGcatKNSDzGSTRgKgAAAAAAAAAAAAAAAAAAAAAAAAAAAAAAAAAAQ9QqbxpL4v8AQyxRD8Sq8kBbk8L0AtZcZPHQKk21TMWvIrGsTxRLuaNveLpQrxcv8stn+hGWH6T7GScZSTbXL4lRd0+HKpv+KWSCTJ4TBFuMsvqBcTIPcge5AZA8yB5kDwAB42B4B7kClsDyMmubD8CosSlJPOWBQ7lbpyKaW2217Lz8wI9xcTgsOEsfAoiSvlHmk08eWGFY+7uo16bjzRUXJKW/qBldPrd7bVK62VSbcV/Ktl+CCIfEV0v7N5XtyTjJt/EEY/Trpui5wXNc3Uub/JHovwIzZTuo0aGasmor6sgu6JmVy6jjyrGIx8kErM1FkIiVFnK8wMlw1Wbt6ltJ70pez/lZjRliAAAAAAAAAAAAAAAAAAAAAAAAAAAAAAAAAPJNRi5PogMXKTnOU34sz9IoXUK8kBaz1QFip7O/gFKdTkmnnZ7FhTVKEL3Tq9pJ/wCJBxz5PwY0xl1UDg2tUraXPvc95TapTT8JLqSemWftn6K5YBIs3NTGwHlBtrIF7mwB7F5JoVJge5A8bA8yAyB4AyAyBS2BQ5FgpUve38P1CLNSQIh3UOdPwfmWKhRr1aE+WUsookqvGtBoCFXjKEtt0BhNYjiUYpLNSSSfkBstlhWUVFYSikio1bji6nR0epFP2qtSFOO/m8v8ES+meE3Uzhtwt7SMpftKzivZj4fFkWst3cpxdxcyW3ReEfgEStBzVqyq/ufuoiVl6nRhEXlbbb6Ae2VV217Gth8j9mfw8xYNkW6yjAAAAAAAAAAAAAAAAAAAAAAAAAAAAAAAAABYvJfs+7zvLr8C4ohSg103MiKUgqipsBHqLPowRbc9uWaw/wAwqNW2i0ugVdtq/NFNvfozJhVzTLaFv95cOlas6j+LS/oQ2nuSjTeSEYurV562E/ErJNpZUSIrinnqBcWyA9yTQZAJgAABgU5A8yBTJlFqUgKE3iXy/MsFic2iC3UlzL1LBAu45TKI1KrKMuoEuLVSAGv8QJxurdbr2mykbBZSzYrfwKjQe0Ku6mo6dYRk1mcqsvh0X6mFbOOe63DQKFG3souS2x82IlS6qqXb5prlox6R6Z+IIy+kU+WjzY69CJU2UJYfRfEItKEU/wCN/gXSbU1Yc0Wpb+iKMno1Zzte7n71N8vxXga7FTSAAAAAAAAAAAAAAAAAAAAAAAAAAAAAAAARbhS7xya26JmWPpFkqGFvlfMKtVIPG26BtEmmm8BViovQMkWr7rw8ejAi06sqcmpbJmUSxl7Op+wUgwW7y5fK4pkZLNmsyyyjJQWxiLkUBTKW+EB7H6geoCpEHqAAeMClgU5KKJMC1NgW1lwn8V+pYixUUt9yKjSm4vp8yiio1OOxRjq+YTAuW1Zp7gY7iz2XbVU8btFixldMq509PPgVGha1B3naEqb3jRpQXw8f1ML7bMf6ugWaSpxhBc88dEVinUrV1GnXnmK/djtFfFkTbL2ziqfLTisLx8Ax2uSjlNyfMwiJf31jptDvr+6pW8PDnlhy9EurfwG10osXf6pidC2nZWr3Va4jipNfy0/D4y+hj3LrTPWdtTtaPd0+Z+LlJ5cn5tmIvAAAAAAAAAAAAAAAAAAAAAAAAAAAAAAAAABZqW8XlxzF/gWUafb8d8Ny4wu+Eri9+5a1bSSVvcwdNV00pKVKT2msPwefQTKW6W4WTbZX0yvwMmCPUWW3y5+HUqxZqUVJYxv9GRdsfdUpRTS/FFVjbpTVF5Tynkqsnps3LTqcn1efzDBRODlPoyqmWtNpdMGImQjsQJvCfUCiCb3AuJYQFSA9SJoe4AYApaAoZYKfAC3LO4FqafkwLaT7uWNm5L8mWC3KMvFgRLqLWWk2URYVGpYa/ABc0u8puUY7/ADHJyjPGGsehRa4jTq6JKok26UlLp4dGCL2iVW9MWz6FGvaHY1L7jbU7mSxThUUE2uuEjD7Z71i6PbUVCniEEvWX9Cte1+MPF5m/DPT6AROJeJdD4X0qWo6/qVGyoLZc7blN+UYreT9EY5ZSTdXHG5XUcZ1Pt1vuIOJtP4f4SsZ6bbXt5Stpahd0+aric1HmjT6R6+OX6I5r1O7rF249HccblnXddB4R0rS7hXk++v7/wDeu7ubqVM+mdo/I26/bkuX1GwFYgAAAAAAAAAAAAAAAAB//9k=','UKG','A','1','Male','2020-02-20','active','9383728312','Bidar','Bidar','Karnataka','585403','Indian','Hindu','ST','','English','','','','State Board','8393822432','Father','','','','','','No','','No','No','','',NULL,NULL,NULL,'Mahesh','','8393822432','','kavya','','','','','','','','','','','','','','','','','','{"birthCertificate":false,"aadharCard":false,"transferCertificate":false,"medicalCertificate":false,"passportPhoto":false,"marksheet":false,"casteCertificate":false,"incomeCertificate":false}',0.0,0,100,0,0,'','2026-03-13',NULL,'2026-03-13T17:28:44.294+00:00','2026-03-13T17:28:44.294+00:00');
INSERT INTO Student VALUES('cmmp69j340002ob561b1v11ou','20260003','Vishwa','','data:image/jpeg;base64,/9j/4AAQSkZJRgABAQEBLAEsAAD/4QBWRXhpZgAATU0AKgAAAAgABAEaAAUAAAABAAAAPgEbAAUAAAABAAAARgEoAAMAAAABAAIAAAITAAMAAAABAAEAAAAAAAAAAAEsAAAAAQAAASwAAAAB/+0ALFBob3Rvc2hvcCAzLjAAOEJJTQQEAAAAAAAPHAFaAAMbJUccAQAAAgAEAP/hDW9odHRwOi8vbnMuYWRvYmUuY29tL3hhcC8xLjAvADw/eHBhY2tldCBiZWdpbj0n77u/JyBpZD0nVzVNME1wQ2VoaUh6cmVTek5UY3prYzlkJz8+Cjx4OnhtcG1ldGEgeG1sbnM6eD0nYWRvYmU6bnM6bWV0YS8nIHg6eG1wdGs9J0ltYWdlOjpFeGlmVG9vbCAxMS44OCc+CjxyZGY6UkRGIHhtbG5zOnJkZj0naHR0cDovL3d3dy53My5vcmcvMTk5OS8wMi8yMi1yZGYtc3ludGF4LW5zIyc+CgogPHJkZjpEZXNjcmlwdGlvbiByZGY6YWJvdXQ9JycKICB4bWxuczp0aWZmPSdodHRwOi8vbnMuYWRvYmUuY29tL3RpZmYvMS4wLyc+CiAgPHRpZmY6UmVzb2x1dGlvblVuaXQ+MjwvdGlmZjpSZXNvbHV0aW9uVW5pdD4KICA8dGlmZjpYUmVzb2x1dGlvbj4zMDAvMTwvdGlmZjpYUmVzb2x1dGlvbj4KICA8dGlmZjpZUmVzb2x1dGlvbj4zMDAvMTwvdGlmZjpZUmVzb2x1dGlvbj4KIDwvcmRmOkRlc2NyaXB0aW9uPgoKIDxyZGY6RGVzY3JpcHRpb24gcmRmOmFib3V0PScnCiAgeG1sbnM6eG1wPSdodHRwOi8vbnMuYWRvYmUuY29tL3hhcC8xLjAvJz4KICA8eG1wOkNyZWF0b3JUb29sPkFkb2JlIFN0b2NrIFBsYXRmb3JtPC94bXA6Q3JlYXRvclRvb2w+CiA8L3JkZjpEZXNjcmlwdGlvbj4KCiA8cmRmOkRlc2NyaXB0aW9uIHJkZjphYm91dD0nJwogIHhtbG5zOnhtcE1NPSdodHRwOi8vbnMuYWRvYmUuY29tL3hhcC8xLjAvbW0vJz4KICA8eG1wTU06RG9jdW1lbnRJRD54bXAuaWlkOmIyODM4OWQyLTQwZmItNDk2ZC1hOTVkLTNhODAyMzI4YzM3NDwveG1wTU06RG9jdW1lbnRJRD4KICA8eG1wTU06SW5zdGFuY2VJRD5hZG9iZTpkb2NpZDpzdG9jazo0MzdhZGY5MS1mMzY3LTQyZTgtOTliNi1jY2Y0NjE3ZmNlZjA8L3htcE1NOkluc3RhbmNlSUQ+CiAgPHhtcE1NOk9yaWdpbmFsRG9jdW1lbnRJRD5hZG9iZTpkb2NpZDpzdG9jazoxNDI0NTE0NzkzPC94bXBNTTpPcmlnaW5hbERvY3VtZW50SUQ+CiA8L3JkZjpEZXNjcmlwdGlvbj4KPC9yZGY6UkRGPgo8L3g6eG1wbWV0YT4KICAgICAgICAgICAgICAgICAgICAgICAgICAgICAgICAgICAgICAgICAgICAgICAgICAgICAgICAgICAgICAgICAgICAgICAgICAgICAgICAgICAgICAgICAgICAgICAgICAgIAogICAgICAgICAgICAgICAgICAgICAgICAgICAgICAgICAgICAgICAgICAgICAgICAgICAgICAgICAgICAgICAgICAgICAgICAgICAgICAgICAgICAgICAgICAgICAgICAgICAgCiAgICAgICAgICAgICAgICAgICAgICAgICAgICAgICAgICAgICAgICAgICAgICAgICAgICAgICAgICAgICAgICAgICAgICAgICAgICAgICAgICAgICAgICAgICAgICAgICAgICAKICAgICAgICAgICAgICAgICAgICAgICAgICAgICAgICAgICAgICAgICAgICAgICAgICAgICAgICAgICAgICAgICAgICAgICAgICAgICAgICAgICAgICAgICAgICAgICAgICAgIAogICAgICAgICAgICAgICAgICAgICAgICAgICAgICAgICAgICAgICAgICAgICAgICAgICAgICAgICAgICAgICAgICAgICAgICAgICAgICAgICAgICAgICAgICAgICAgICAgICAgCiAgICAgICAgICAgICAgICAgICAgICAgICAgICAgICAgICAgICAgICAgICAgICAgICAgICAgICAgICAgICAgICAgICAgICAgICAgICAgICAgICAgICAgICAgICAgICAgICAgICAKICAgICAgICAgICAgICAgICAgICAgICAgICAgICAgICAgICAgICAgICAgICAgICAgICAgICAgICAgICAgICAgICAgICAgICAgICAgICAgICAgICAgICAgICAgICAgICAgICAgIAogICAgICAgICAgICAgICAgICAgICAgICAgICAgICAgICAgICAgICAgICAgICAgICAgICAgICAgICAgICAgICAgICAgICAgICAgICAgICAgICAgICAgICAgICAgICAgICAgICAgCiAgICAgICAgICAgICAgICAgICAgICAgICAgICAgICAgICAgICAgICAgICAgICAgICAgICAgICAgICAgICAgICAgICAgICAgICAgICAgICAgICAgICAgICAgICAgICAgICAgICAKICAgICAgICAgICAgICAgICAgICAgICAgICAgICAgICAgICAgICAgICAgICAgICAgICAgICAgICAgICAgICAgICAgICAgICAgICAgICAgICAgICAgICAgICAgICAgICAgICAgIAogICAgICAgICAgICAgICAgICAgICAgICAgICAgICAgICAgICAgICAgICAgICAgICAgICAgICAgICAgICAgICAgICAgICAgICAgICAgICAgICAgICAgICAgICAgICAgICAgICAgCiAgICAgICAgICAgICAgICAgICAgICAgICAgICAgICAgICAgICAgICAgICAgICAgICAgICAgICAgICAgICAgICAgICAgICAgICAgICAgICAgICAgICAgICAgICAgICAgICAgICAKICAgICAgICAgICAgICAgICAgICAgICAgICAgICAgICAgICAgICAgICAgICAgICAgICAgICAgICAgICAgICAgICAgICAgICAgICAgICAgICAgICAgICAgICAgICAgICAgICAgIAogICAgICAgICAgICAgICAgICAgICAgICAgICAgICAgICAgICAgICAgICAgICAgICAgICAgICAgICAgICAgICAgICAgICAgICAgICAgICAgICAgICAgICAgICAgICAgICAgICAgCiAgICAgICAgICAgICAgICAgICAgICAgICAgICAgICAgICAgICAgICAgICAgICAgICAgICAgICAgICAgICAgICAgICAgICAgICAgICAgICAgICAgICAgICAgICAgICAgICAgICAKICAgICAgICAgICAgICAgICAgICAgICAgICAgICAgICAgICAgICAgICAgICAgICAgICAgICAgICAgICAgICAgICAgICAgICAgICAgICAgICAgICAgICAgICAgICAgICAgICAgIAogICAgICAgICAgICAgICAgICAgICAgICAgICAgICAgICAgICAgICAgICAgICAgICAgICAgICAgICAgICAgICAgICAgICAgICAgICAgICAgICAgICAgICAgICAgICAgICAgICAgCiAgICAgICAgICAgICAgICAgICAgICAgICAgICAgICAgICAgICAgICAgICAgICAgICAgICAgICAgICAgICAgICAgICAgICAgICAgICAgICAgICAgICAgICAgICAgICAgICAgICAKICAgICAgICAgICAgICAgICAgICAgICAgICAgICAgICAgICAgICAgICAgICAgICAgICAgICAgICAgICAgICAgICAgICAgICAgICAgICAgICAgICAgICAgICAgICAgICAgICAgIAogICAgICAgICAgICAgICAgICAgICAgICAgICAgICAgICAgICAgICAgICAgICAgICAgICAgICAgICAgICAgICAgICAgICAgICAgICAgICAgICAgICAgICAgICAgICAgICAgICAgCiAgICAgICAgICAgICAgICAgICAgICAgICAgICAgICAgICAgICAgICAgICAgICAgICAgICAgICAgICAgICAgICAgICAgICAgICAgICAgICAgICAgICAgICAgICAgICAgICAgICAKICAgICAgICAgICAgICAgICAgICAgICAgICAgICAgICAgICAgICAgICAgICAgICAgICAgICAgICAgICAgICAgICAgICAgICAgICAgICAgICAgICAgICAgICAgICAgICAgICAgIAogICAgICAgICAgICAgICAgICAgICAgICAgICAgICAgICAgICAgICAgICAgICAgICAgICAgICAgICAgICAgICAgICAgICAgICAgICAgICAgICAgICAgICAgICAgICAgICAgICAgCiAgICAgICAgICAgICAgICAgICAgICAgICAgICAgICAgICAgICAgICAgICAgICAgICAgICAgICAgICAgICAgICAgICAgICAgICAgICAgICAgICAgICAgICAgICAgICAgICAgICAKPD94cGFja2V0IGVuZD0ndyc/Pv/bAEMABQMEBAQDBQQEBAUFBQYHDAgHBwcHDwsLCQwRDxISEQ8RERMWHBcTFBoVEREYIRgaHR0fHx8TFyIkIh4kHB4fHv/bAEMBBQUFBwYHDggIDh4UERQeHh4eHh4eHh4eHh4eHh4eHh4eHh4eHh4eHh4eHh4eHh4eHh4eHh4eHh4eHh4eHh4eHv/AABEIAWgCHAMBEQACEQEDEQH/xAAdAAEAAQUBAQEAAAAAAAAAAAAABAIDBQYHAQgJ/8QAQhAAAgEDAgMFBQUFBwQCAwAAAAECAwQRBSEGEjEHE0FRYSIycYGRCBShscEjQlJi0RUkM3Lh8PEWQ1OCJZI0Y8L/xAAaAQEBAAMBAQAAAAAAAAAAAAAAAQIDBAUG/8QAKxEBAQACAQQCAgICAgIDAAAAAAECEQMEEiExBUETUSIyYdGBkUKxI3Gh/9oADAMBAAIRAxEAPwD7LAAAAAAAAAAAAAAAAAAAAAAAAAAAAAAAAAAAAAAAAAAAAAAAAAAAAAAAAAAAAAAAAAAAAAAAAAAAAAAAAAAAAAAAAAAAAAAAAAAAAAAAAAAAAAAAAAAAAAAAAAAAAAAAAAAAAAAAAAAAAAAAAAAAAAAAAAAAAAAAAAAAAAAAAAAAAAAAAAAAAAAAAAAAAAAAAAAClyinhvDA1Z8T1qnFt3olSVrpkKCi6NS5ftXafV01lLCez6v0MN3emfbO3bZqFWLis1VJ+eMGcYKu9pqOXJYxlAVRnGSzFpoD0AAAAAAAAAAAAAAAAAAAAAAAAAAAAAAAAAAAAAAAAAAAAAAAAAAAAAAAAAAAAAAAAAAAAAAC269PncE3KS6pIDD8R8W8PcP2lS51fVLe1jT96MpJzX/qtyWyLMbfTjnFP2keEaVxGGmaXfag48y5qi7mMk14N+uDC5ts4r91zvtA7QNf4l0ilqNbUdE06lCoqlvStbiFS4hJdG5PdfIxtt9tmMmLUIdrnF9i4ypaxqtS4i9p1rnnh/8AXyJNrZP0yNj258YSnRV7qfcypvMpQpJ+fyRd1j24tn0rtZtqlW2qUeIeJKNzN/3is+WpCLxlNQfVea226DZ2/wCHXNG7bNIqaHWq1J295eWdNuv3M+SNTHSUFLfD648OhlM/DXePyy+h9pj1jRrbVLSwjGnVnFTjOfuJ+bWdyzLafj1dN+0+9o3tFVaD5o9HJdMrqsmca9aSQAAAAAAAAAAAAAAAAAAAAAAAAAAAAAAAAAAAAAAAAAAAAAAAAAAAAAAAAAAAAAAAAEbU7yjYWNW7uJqFOC6vxb2S+LbSA4h2o/aG0/hWpVs9MsbfUryEuSVPv3+zlulzSSx18E2Yd36bZx/t8+8S/aD7R9e56NHVY6ZbqOVSsKPdbes23KS+aMfNZSSfTn2paxc3NKdzd3NxWq5y41ZuTk/NNk1GXdUW3v53FGU1QamlhSUuvo0UlWUrKtCcvu0oyXvKCalH5eK+ATbyVSnTUZ06mYpb5l7TC7QbzULj95xUYv2VLfHwCbTtF1itlU6rU8tdHhv/AF+g0Stid0qa7yc3Ug9m28PD88eviTTKVsfA/Gdzo8algqk3b12oyUW89U9l57E9L4r7I7KOLtCveHrSx+/0re8x/wDj106VT2t1hSxzfI2Y5Rozxu9t/M2sAAAAAAAAAAAAAAAAAAAAAAAAAAAAAAAAAAAAAAAAAAAAAAAAAAAAAAAAAAAAABlAAPnL7YnaLPSNJsuHtHuZQup1HXuKkdsRScYxi/NtvfwwYZX6bePH7fJkNTtFTnKo04xqRq4y25LEuvz2MYz2xsq9nQU7qpVk6VKHOop4b8vz/AqbWKWr17i4cbfToXLePflhL0Xw6FSVJrVqtk+Z2dS3bacqNT2ov/LJEXaFWnOu3WoN05xezfSWfMgpod5XnCpUUW8+2oPKKK9VT5P2cE5PPK8PGPLISsPYVe4uailTlDmxGUc7ZbxlfiVI2mjft2spt/4Uu7mvSS/qTTLabpt9QrQhzR5ZOn7y8Gm8fkRZW98G9pmt6JPuLjudStG+WtbXMVOE18/T6GPll4rvHZr2+aLCtPStStb6jQSg7ZKp38qX8UN3zOK2a6tdPIymevbDLi35juPDfFWgcQ0+bSNToXUsbwTxOPxi90bJlL6arjcfbNFYgAAAAAAAAAAAAAAAAAAAAAAAAAAAAAAAAAAAAAAAAAAAAAAAAAAAAAAAAAABw7VO03UOJeIL7SeD7CNzGxrSo3V/d3Lt7Og02lFcvtVJ7Zfh4epr7rfTdMJPNcV7WePeMeHtUuLKy7Q1cXEWo3lG0hU+70G17MeaTeZvrypZxu8GOr+2cs16ct1CV5rkFeatqd1qVdU+Vd5+6vBY3MpEtc/4jp1LS5xn9nNPHM00vR4EjC1jqNWdSM6LqRjFpZUt9lLPh6FY7ZDTIy3rK4lCMN04SaSXw8QsbdeQjqNCDm1Lkikmuk1nx9f6kZsdT0z71cxtIyce8eZNeMV1/wB+g0Iuq3dN0lT09KnR9pc+N5JN7/DZ7LyGk2hV7iVpF0qqlNpJySXKo+j9d+hdJtZr0KFSNO4VScXs3Tn479fwBpdp/eHZVor2XOXtt9N938cLHQgmWdSNOnWxJr2eWLfonj82FjJ6Zc0rmjRrSw3KnFv6f8kZSslFyta33ihP247ppe1F/HyJYz22LQ+0ziLRb3v7W8lzxlGW6aax0aefk/iY6p4ruugfaa1Kpb29fUtG0+VKLiq3c3P7SS8WovxM5nWH4sfqu+8B8b8PcaaYr3Qr1VcL26U1y1KfxibMcpWnLG4+2yFYgAAAAAAAAAAAAAAAAAAAAAAAAAAAAAAAAAAAAAAAAAAAAAAAAAAAAAAH0yBy/tY7TFw7SvbHTqXf3VCg516kJZVsmnyub6Jvwju31wY3Jsww35r4to6tqtjp93O2vqlKNac6icKjxKXVya68xr03bc5q3U6dbvZ1ZV5OUpftd8yfWW3VsyYbbJw/eXtxbxqYUYt8scx2WPFL/kujaDrNorycnd0p08vEJpRcn+v4iMasVNKtbK1VGlQjUqcuZyqU228fPCBrws2WjRqQlcTrTpwa5eWKSjjO+PEbJF+tcTo0HRtJybp+6vT/AGgqNR1ypbXcp7Rn7dPOeil/rsE35YzT7ylTp04TW8G18cS/oVIyFvCGrV6EYzWYbzyv3n1fx6/Ui6ZKvpMbafPPnnmSk2qe0fDGeiC6Yi7j3lfuVUi1OftYnnmSfQiLd7VaqYzyp1JYWfLCLCsrbZtLKEpx5ZP2VHyxnb8fwCxOvKz7mk1N8/cxfKv3spf8mLKIlWcpRcHyyjjdNe7LHh6DSslY6rO0toUoY5YvmXLhb9MZ/qFbVwHxxrPBuu23EujV+SkpqNalGWYyT6wkvJmPrzD3NV9+cBcTWPFvC9nr2nyzQuYZSfWL8UzdLuOazV0zpUAAAAAAAAAAAAAAAAAAAAAAAAAAAAAAAAAAAAAAAAAAAAAAAAAAAAABG1SNzLS7qNm4K5dGaoufu8+Hy59M4BHwL2uX2pWWoVNG1H+0aN22rrUqd5XU1Uu5bOaUf3cJYT6I1OmNPuLW5udNyp28k0toQw188lGmz0Wr/aDp1JpU5VMYh1fnv5ebDCxsOpahSsLehGy5IKMPdS91eH4blPTGUtdrVM3FSS76pLlhJfuLPh8F+LLETtRryqSVKlCc+XlWI9Odrxfkl+LJtUW7vIW8J0YXUIVdud01mT+beSDH07qnUipOtz1YNYqNYa3xv5rOAm2D1iv3larLZScv2iXmWMbUKnFTcXOcvPmS6FSNt4ZdhRUnO8lSk+ik0seuP6mLZNL/ABHWrQdOdKbnb8uFOC3b83gFY6ly1Md17Mt5YxhvGwItafOn36ua8eZwk+6g+nM3u36L9Cxiz9Lmr3FKjy+205S23gn5+v65FZRRqNRVr2pKPtQjhReeiW23+/EjJbspd5CUW81M5+XX80gSoV3VjCs6TSSbe3g9yCuwuKkKdSlzONCbXN4rPgFj7L+w5rt1caNq2iVpKdvbyhOi8+62t1j12Lh+mHL+30qbGkAAAAAAAAAAAAAAAAAAAAAAAAAAAAAAAAAAAAAAAAAAAAAAAAAAAAAETV7uFjplxdVE5RpU5SaXV4TeF67AfAX2i6t7LtE/tPUu7VxqlnRvJwotSjTU0+WPrhYWfFmtvnpp2n3Ufu8qffS5OnuPyEVA1ytTsbOMqcUq1ROK+HVv/fmErV/vE60uSpJuddKSk30e/wDqvoVjtdtLeMbuH3uMqaoLM6azzOWVjC9cA02WlezubaMLHmjUk3lNxwvXYKxd9a153UFeKlUpJ8s1hZintlPPTdepBrFw/u/eUlJ5eUvk90/Xb8CsESrJ16kqk5pybyk1uVEm2s7hrnxiPn4k2ykbNp3DbhYq9uaTq02svDxy/gTbKY/taVNWtOUbdylTc/8ACm8rG/QLJpCqcltUlOEmlUcWpNbpL936/kInpTG6p0q0qkG5N9Gl4+gRNsLubUt3Tpt8098ym/VlImuTlb1ZuPLFxxH0X9Qy2s2Kmm57J8u/o28/0IRYuLRXkpuMsSjHKTfVIhp7YOHN3dZPu5xw/R9P1Cx9YfYQ0yvSvdb1CdVyXJChFZ675b+Wy+ZcPbHk9PrM2NIAAAAAAAAAAAAAAAAAAAAAAAAAAAAAAAAAAAAAAAAAAAAAAAAAAAAAI+pWdG/satpX5u7qRw3F4a9U/BrqB8I/ag4FuuE+OaLlCdayuqGbauk+V8rw44zs1tstt8rCNdmm7G7jl9OorW0qU6kXGe0o9d8b4/EbZIPEEZX1zR7uLx93k448ZN5f6FjGsbbWtCc6kJyi4x38nD4Z9MfQqLmtzquhDkquUI5UXjomumfr9TFfpH0jUKdjyS7xupKMcQbaXXwaCR7d387ucsScUt1vnZf7/EKwN3N1KnPjKm8tfzFjCq7SkqlRfsV5bZ3BI2fQo03GXOsvlSXpl9SNkmkm7v3G0drCEoOT5WnLrv1IrE1K8eSWPbj5+q8QukavVcrak6kVJ77tevUsY1HjRW0cNJ7rcrFkKMacYqOJrHhnBBL73NONOWMywopbt/Aoqq1GqioQTzL3sb/EivFFudRppOMHvnbcMlqnONRKqkvawl9SEfV/2JdbpU6t7p0cupVzWlhf4cUsbvr/AMlx9seT1t9aQkpLKafwNjS9AAAAAAAAAAAAAAAAAAAAAAAAAAAAAAAAAAAAAAAAAAAAAAAAAAAAAADiH2w+G3qfZz/bVChGpc6XUU03U5cQk0p7fvbYMcmfH7fEGt1KlW1p1knHkl0e+MeBg2r2kw7617ltScFzUZrpKL8H6/78DKMUW5tua5dRKMKnuyTXsv1W6x/vYbJF+hprr0Wrjkp01s0sNy+e+F+JFYbU9DcZ/wB3jKfcpZwt8LqEmO2Ot7OvHEnlRe8JeH/BNspjUe8tJurNOnJZw4uKymyysbirsXKj7PLGS2yl1QJGx6PP9ptbymmvB46+KMLlI24YXJk5cN39wnL25RaxFuOGkab1GMdOPSZ32vWvBcvalKPtY3XmaMuprow6OT2s33C1SFNxjTe35GWHUftM+lmvDV6tpO2rSU6cpQz7S8YvzOvHKV52eHalRoUVT5nOSWNsNp/gZsNKaVF0VKs3yp7py649SsVFColKTp5k5+9VqSx9PJEF+7uKUNKr9xNVassRyl7OX1x57BfpGUJ2+nQUt6kZc9ReWfAE8R0LsQ7Qv+h9VvbiNrUuZ3VCdGlyzwoufVvzIy1uafb32duMLzjbgV6zdWqt4Qryt6bUs8/IkpS+pnjdxqzkl8OkmTAAAAAAAAAAAAAAAAAAAAAAAAAAAAAAAAAAAAAAAAAAAAAAAAAAAAALV1Xp29F1asoximllvCy3hAcq+0reTq9j2uVqcVOio01FLq/2iXN89zG+mfH/AGfBes3Khz01UShJKSjJNYZg2sbomq07WbpVZycM4Uv4c+nVoqSpVxct1HOE5Tj4Tg9mvlkiqqd9Vl7KqY5es5SbaXxey/MGm5dmOmz1jUY29Gn+xXWcl18M/DHT5nJ1HPMPD0Ok6e5+a6DrXZPp1xRn3Evu6bzFpZWfh4fE5ceprsy6XGue652e3FnVnSnia6N009/XHqbceoaMukYu24GuFUWKCj5LG/yRnepYzom+cH8AwoONzexy10jjoc3Jz3Lw6+Lppi3WhoFHlyqS+hyZcjsw448q6FSj7Shj4GH5Kz7IhXWi284P9mvoWcliXjlaZxBwXRuKrlTSjP0XU7eLmsefzdPKwEOC69CrifJy52bhg7MeocGXTaqxxHw3K10udenBKaju8ZbXzMpz7umOXT6x25nW5lXnGo3JweM+ODpjhZGxrQklyUm5r3d8Rz5lEmrbv7pXTlzSlF7+ciLPS9whp0r3VbW2pf4lapFR36bZf0RGWMfpR2Ladp+ldmmj2GlwjG1pUfZa6ybeZSfq22bMfTTl7biViAAAAAAAAAAAAAAAAAAAAAAAAAAAAAAAAAAAAAAAAAAAAAAAAAAAAHHu1jiK+veJL3gihVqWlWdvRuLKrjEalbE504OXgpTp8phb9NmMkm1jtM1/QuJ+wnUr+ld0aFKpZbwnJKdGtFb05J7qUZRSx8y73EksyfA+uzjcXk4qvGpVjiWU08xe/wBU3+Jg2MBUo1Y5ajzLPWO5Yx0laZ3nexSzHL9rGzMbdM8Jutt4O4dr65NSlUbgnu3ucfUc/Z4ej0vTfk8u+cBaLb6LaRpW9PDfvSfVs8bk5bnd17vFwzCajoVmouknJJ+aMceSrlgsX2lWtb2oUoKXojZORh2MX/YlKM8xoRT88YL3p2JFPTuXrFY8jG5spgvdzGMcGq1tk0i3MVhrBjtnpibpLcyxrGxja3K204p/FHTx1zZxHnSpuLxCO5vmVc1xYjUrVVKThJ5XhlGyZNWWLhXHOlvR9eqd3DNvN81PKzyp52+uT0uDPuxeP1HH2ZINldUoyTnRkn4vpk2tCj7/ADuG6kkoQ54wil0it2FjNcC6lQ07iWldVJr9j7nlJyXL+CbZGWL9F+wXUrfUezPS6lGpTk+SUsQ8E5vDx4dDPH01Zz+TfTJgAAAAAAAAAAAAAAAAAAAAAAAAAAAAAAAAAAAAAAAAAAAAAAAAAAAAHOu2js5nxlYQv9IvI2OvWlGVOhUnnuq9Nvm7qpjde0lKMlvGSyvHONm2eGWnyT2o9mHaZCreXepWVavONNTrxoRdWTx4vkj7XR7mHa298rhErWSq80PYmpYfN/QqaVVYRpVIOvbOXPBSjKFTqgM1Zaa7qVP7nTk5y9neLXJ579Dn5M5Pbq4eK5Xw692f6MtOi4xWY8sVlr0/2/hg8fqOTue90vH2TUdG0yPLheBw2u1slj7pJRPhHy6GW0VqCfVFlqLNaCS2GyMfX2bMGaBcPKaEGIvE0mZ4saxVVPJ04OfJb33NsaKx+oS9iRnKwscx7SreNaydVxTnRefin1/36HZ02WrpwdXhvHbnEo1XTlGnvJPZtZO+PKWaNLM5U6smk3mMseJSM7wxw5ca7rlvYUbqhZxnLmndVpYjCCW7a8WsdCLp9y/ZEhpz4Wh/YMLmWn0u8jUuq0nzXE+bCk10Twm+VbJYLix5HejNrAAAAAAAAAAAAAAAAAAAAAAAAAAAAAAAAAAAAAAAAAAAAAAAAAAAAB4AfOvEnajQ4P7ROJ+F+PKtajTqr7xpt3DOJ0ZRfLF48t18UzDeq2du54fEWtXVK41K9qUYpU515zpzy25Jyb3z6EZ7QK1ScqtNc20YKMfhkix1vs3UKlrSUqalluT+OTyertlr2+ixlxjrWk2a5I4SyvI8nPK7evhJIz1naTTTwSTa2s1aU3Fb7l7WPcmRaXkTQrUkyi1Xa5WRYxN1JJvLIy2gVJxw8tIymLG5MfdSpb+3H6m3HBrucQKjtY7zqRXzNuONassophOyrPu6VaPO+iybJjWq5RjdTtH7UfMyT20PjnSalTT6iSbcotbL6fivxN/Dnqufnw7sa47bVJxcoNLK9Nz1o8O+FuvcQS8Gn4Z3TKx2uaXVvK97C3te8qVas1SpRj1lKTwl88kWV+mv2feBv+gezHTNErSU7101Vu2nmKqy3lFei6epnJqNeV3XQCsQAAAAAAAAAAAAAAAAAAAAAAAAAAAAAAAAAAAAAAAAAAAAAAAAAAAAAfOv24OBY69wXa8TUa8aVzpMpRw6e84Txlcy8ms4fqY5NnHfOnw1c2FV0O/ceSUXiTSyvmjFmotbZ17hUqeXJywtt9tzDLLtjPDG5XUdg7JrKf3W4m4SUYXDjTz5NZ/U8jrMpbHudDjZjduoUdXo28vu9ulUqR95romcePBcvNdmXPJ4jyvxZXoLlVOnOS9dvwOrj6Wfbmz6q/THvji/Um3On/lh/qbL02DVj1WbIWPGNzVa7yKefFLDXxRzZ8E+nThz2tl0vWXX2l1ZzZYadOGe2Wq113ec+BrbGua1fOnFtPY2YY7YZZaaVrOvVoxcYSfMdfHxxycnLWq6hfX183Tj305PbY68OzFxZXPL0sW2j8Vp89LmVP8AhnUbMrycaTi5WWsra/xyXkVCpF7OLaMe7H6Xty+2Ro3mpUa0YXX7ai9uZLLRjnjjZuMsM8pdVlL60p3do4uKba6M55dV03zHzlxlp0tG4lvLZ5hBTbg/5Xuv1PZ4M+7CV4PUYdnJYwc6Eq+ZQ5H5tdTc0adc+zfwLc65x7oNanGNSEbtSlHOXCMN5Tfl4JGPustam36RU4qMFFdEsG1oegAAAAAAAAAAAAAAAAAAAAAAAAAAAAAAAAAAAAAAAAAAAAAAAAAAAAABrXaVeaBb8J3dtxHCVayvIO3dCEeadVvwivNdc+Bq5uXDix3k3dPwZ82fbhH529qWkUdE4jvKOnSupWam+6denyTdN9M+GfD5Gvj5ceSbxdHLwZ8V1lEfsq0qGrcU1Y1YS5aVDmTxjfOEc/W53HDw6fj8JlyXbtU9I+4aOrawi6dSpspJbpy6v6Hk45by3XsXHtx1E7QOF7enRX3nnkl1Tk0vojZlz/prx4Z9p15dcM6U1Qq8rrS92lTi5zl8IrLZMc+TL0yvHhjPLCard6bUi6q4a1Fb4VSVpyP8WmbZhzfbX3cLD2+p6fG4VKVCtayltGNam4Z+DezMMsc5PLLG4X03Dh+cajXI84OXOunDFtjozlbZXka42NV4hpONGUn4GzC+WGc8OXa7qdChWfNlycuWEIrMpN9EkurO3jxt8RxcmWM9p1lVjpXdz1/VdP0KdXDhbzhK5umvWnDp8Ms349P3ObLqpxoc+PtNqV1Ss+K6TfNy4uNNnSj72FlqW224vR6MeulZ+lrF5b0o3F5SoXdnJ4V3ZzVWmvj4x/L1NV4rj6bsebHL22C1dveUVOm4yi14GvurZ2r0aPdwccbGLKOH9ulnCjxHb3SX+NSSl5ZTPT6K7xseT1+Os5XPnRlz4jVg09/Z8jst04ZjbX1l9kK5seGNTp1dYt5Ufv8AFUqFZP2YN9OZer8Tmw6nHv7a6+TpM7x90fYa6Ha80AAAAAAAAAAAAAAAAAAAAAAAAAAAAAAAAAAAAAAAAAAAAAAAAAAAAAADhX2pL6/sr/h+djJNx7zMJLKeWl+h4/yd/ljK9/4XHeOd/wDpw/tIoadrNsq1xSlSuqtFKPNHGMdTn6XLLHLw6+rwxyx1Wj9idOnR4pvaMVhulv6tSwzr6/zhK4PjvHJY79Qs1VjGTWeXc8Xu1Xta2wvF91K0sZJ3Ss6P79WMeeaXlCC3lJ+Bv4se6sM8uybaZw3pfFvFGm6necNUp8P6Jb0K0nXWJ399OMX7Mp7uOWseGM4SPb4Onx1uvA6nqst6cgvda4crcA0rWdnxBX4xqXancX1e8k7aVLmbwo564wt1nOXk6J2dvry5L+Tv9+HQOxfg+/4m4O1TWKGoV6ErW57ulRqvvKFZKKbjh7prOMrzNWfFjnja3cfPnx5Se46TwpptxbU4TnlNTcJQby4SXhn/AHjdHg9Tj27r6Tpsu6OpaVawr2EsrdROfhvdjWfL/HKNM41teSxrOK3wbOK7pyenGrLRbqtxHbzo1VQrSTnO5mtreHOoycM7OeHsvRs9Xi16ryeXu9xvPbDa3vZ/qGk8S9lsLG5hDTq9hcz7n7zXp1Jy5vvEn7zk8e9vjGGsPB6ePJjjP4PIvFyZW98cO7MtO1i541sLu7nCnTjdutd3dzb5pxjJvvHLK9ptZSW+7MJy6y22fgvbr26dxHw5RqcQu+7PbWvp1utq/fJq2r/5ab93/exz8/NxZXxHV0/By4TzWwcOWGoUaSjcUKNF9XGm3y59PI87Oz6enxy61WcuqXJTw+pq22SOHfaCaV3py86c/wAz0uh9V5fyHuNP4U0CtqXJXqU5RpJZ9Xjc3c3L2yyNHT8PdZa3ex1nUFxBZ0VdTjSo4UacXhLB5XLlqbe7w4SzT9F9JquvpdrXfWpRhP6xTPocbuSvkspq2JJWIAAAAAAAAAAAAAAAAAAAAAAAAAAAAAAAAAAAAAAAAAAAAAAAAAAAAAOOfaQ0q5uHo+oxpuVvTqd3Ukl7jy2m/jv9Dx/lcLvHP6e/8HyYzvwvtyjjeNpHh2lQq0VOSjNxklunuk0eXw53HLcetyYTKXbj3A0Z6f2i2znHu1c05U3H1xn80evzWcnD4ePw4Xj5/P2+i9LacF8Dws/Fe1il19MtrinLvaMZJ9XjcuHJcTLCX2xFpoNno9zK50irPTq8nmU7eo6fN6NdGvijv4usyxu9uPl6PHOasaDxVwJwhdX9e+udOod/Xm51XTuZU4Tk92+SGEsvywdF67bRj8brx9J/DdrONnR0TRaMvudPKhRp5hRhl5b/AJn67tmnPnzzdGHS8fH506DS0521ChbPDcIrKjFJL4JHn9Tyb/i6+n4/eTadDp8ttOL8Yk6b1WPUe41jia2VWE4NbMvHdMspuNT0bT6tjeVJ0cNTjyzi0nlZz0Z1zm1HP+KMlqFxcwouPc1VB/8Agk0voPzZfVZThwvuMB31B1suhc1JZz7cG9zC82d+2c4MJ9MtaSvK8cK1qQj/ADLBJyaS8c+l6dvKG7WGWZbYXHTH6lLEPUyjFw3tpoVdQ4osbWlBzVG1c5peGZP+h6PS2YcdrzOrw/JyzGLvBmqUKDt7Cvaw2fJKXn5fQ5uXO27dfFxajP8AAfBN/wAU9rctG0+D7vvs1KmNqVPq5P5GH47zWYRt/Pjwcd5Mn3/aUYW9rSt6fuUoKEfglhH0Empp8rbu7XCoAAAAAAAAAAAAAAAAAAAAAAAAAAAAAAAAAAAAAAAAAAAAAAAAAAAAACNqlja6lYVrG9pKrQrRcZxfl/UxzwmeNxy9M+PPLjymWPt888X8OK0uZ2FwuZWtV08vxj1i/mmj5bqMLw8lxfX9Lyzm45l+2tdpvA9rU0nSuJ9DpxV5pVSM68I/92jn2vmst/U6+Hmnb2/ty8/He/u+4z2jTUoQaeU1szg5pp28V22vTaKqRw1k58PLZl4X7vQba4i3OmmdEx01zkYmfCWmc+ZWsG/VFmemW9sjZaZaWVPFCjCHqkS8l0nasVIp1Wzjyu66cZqMnpr9iWPI38GTRyxgtbj+0ky43yys8MTRpxVXmjg2ZemEZi3tqdWO8Vuae6xs1EqlpVDryL6F3am4pr2MIx2RJs3GD1ShypvBvwasmqattn1Z0Y+WnJqUbO3jrF9qFxGE+8hGnmXhCKwl9XJnTL4kcmv5WufaRp7u+L1TtoPu41eZvHRJmrPz4dGPibfZn2a+FKGlcOXXEM6KV5q9ZyU2t1Si8RXweMnq9FxTHHu+68P5DmuWfZPUdZO154AAAAAAAAAAAAAAAAAAAAAAAAAAAAAAAAAAAAAAAAAAAAAAAAAAAAAAADmnbFplWlKlrNCiqtGcVRuY+v7svzX0PJ+S6fu1nHtfE9R2747/AMNGen1atrSla1pQcd5UnL2ZLxTPD84V725lPLFaHTlSSpSWHCTjj4PB0dRN4ytPB4tjfNFpJxRx8c3W3ly1GdlCEaR36kjiltrDXteEG8tHLnXbx42xCV1TmmlLOPI1+2dmmPlcKpW5Yp4yc9nluk8Ni0milayk1jY7un4/421xc2f8tMDrEVKU0ma8cf5N9usWqKvWpzk1FtJ7nRqemrz7jM6FqVKriPMsnPljZWyXcbRSrQdPKa6FmmKxcTi8kVg9aUe6bN+Ma60bVn7z8tzfxzy0cl01S50V6nfU51LmrGjCK/ZxeIyfV5M875YYTUZ3Q+HLrVeJbTRtKt4U/vTUZTjHflXvNvwSRlxYXOzGMOXknHjcsvp9eaRY0NM0u10+2jy0balGlBeiWD3scZjNR81llcsrlUoyYgAAAAAAAAAAAAAAAAAAAAAAAAAAAAAAAAAAAAAAAAAAAAAAAAAAAAAAAIuq2VLUNOuLKvFOnWpuDz6+JhnhM8bjWfHncMplPpxmMJWNxUsL2DpV6D5Zxf5/B9cnyvNx5YZ2V9hw8k5MJljfbAV50VqdadGScXUzsZ5Tu4YmH8eWxtWkXSjTTycmN7a35Y7TbzUowovMkjb+S6aseLy5zxdxRKnXVrbPnr1JcsIp+Jjhx3N0XKYRndAta0NOXf1OatNZlLwRt7JPDRc7btF4h4ktNEcKFXTdSuK0lt92oc6+OW0hj03cXm+0qw4qjW0/m/a0017lWPLKPxRbx8mM19JMsMrtqnFnF0bKHeLvKjb9mFNZlL4Z2+bM+Hp77rHl55PEY7TOM3cWM5XGkVLV+HeVYycvobbw+fbVObwgaFqNeFSTnJxfO5LHhl9CcmEXizrfdE1+Fel3bmuePXc5csLHVjZU6tqSw/aNcjPww2qahz02uY34Rqya3c0L6/pV6Gm2tW7u5Upyp0aUcym1FvZfBHVw43LLUcfNlMZusLw5fUpWkYV5claC5XGW0k/Jp7pmH+K2yeNx9Ddg/DNezta+v39s6VS5gqdspxxJU+rljwy8fJHq9Dw3GXK/bxPkeeZWYY306keg8sAAAAAAAAAAAAAAAAAAAAAAAAAAAAAAAAAAAAAAAAAAAAAAAAAAAAAAAAAAY3WdB0jWFFalp9C5cdoyksSS8src1cnDx8n95tt4ufk4v6Zacx7W+H7DRoabV0uypWls1OlKNOOFze8m/N9d/Q87ruHHDGds1HrfG9RnyZ5d93WrWV66dNZfQ8S4eXvy+GD4w4lVnZVZuXSLNnHxbY3OYzbQeALpavxDPUL6qnKLzGLfurwXx8zrvH246jjnL35brt1jc0nQWGuhz6bVu8pKtF+K8zKeC3bWNY0G5uE1RuKlPP8ACzZjnYwuErTtS4NuoXPfVrmrWkunPLODOcjXeJXT0uUIJTl08Cy7O3Sm6hTt6TfNFYRO3aS6axDiV2mqLuanNJPEop9UZXi3DHn1W9W+oXFakpzjJZ8zkuMjsmW4pr15SW7M5Gu3bpn2dtK+869faxOPs2lFUqb/AJ59fpFfiej8fhvK5fp5PynJrCYft2Oeh6NUvvv89JsJXec9+7eDnnz5sZPU7Md708f8mcmt+GQMmAAAAAAAAAAAAAAAAAAAAAAAAAAAAAAAAAAAAAAAAAAAAAAAAAAAAAAAAAAAAANe7QtGet8LXNrSjzXEP21Bec474+ayvmaOo4/ycdjo6Xm/FyzJwa1lnMJZXlk+b5JY+t48txj+INBpX9vKMt8mOHJYyyxljUOFez91r+/hTv7mzqqpzU6tJrKyvJ7M7ceo3JK4cuDttqfpeg9pukavKhe8RWd7p6bUWrVQq48JeT+R0dnFnPWjDDlnmXcbXOz4tpW93Xeo21e3t91Ok4qU4cuW8Ppj4mF6aa3FnUSWTKWMZc6xren0JXN7WurejyKbnVoYio9ct9OhheHX03Y8nHl6sYLiHV9SnbSu7iveQt8xj3ip8kcyaUVl+ba+pceG/pMufjnjaPX0rU6da2jdXqpQqxlOpHvHKaSxjHhu2b8eGT247z3Pf48dtC1bhvjTWdTkqOp3VhY80koZSnJZeG8dNsdWZd3HhPSZcPLfOV02DhPgOlYX9CNaVW4qykpVKlWTk2kcnLz7jbxcEldP1G3o0aKSik0jhxu677NRr1xJc736HRGi19Ldj+gy0Hgm1p14cl1df3mun1Tl0j8opL6nu9Lx/j45HzXWc35eW2eo3A6HKAAAAAAAAAAAAAAAAAAAAAAAAAAAAAAAAAAAAAAAAAAAAAAAAAAAAAAAAAAAAAAA412scLz0rUZa3Y0/7lczzVjFf4VR/wD8y/P4o8rrel898e38d1m5+PJptO4U44fVHjZYXGvcxy3EnQoqhfSq497qSXVTObjaatKhdUFGa+D8UdfHyOabwu4gdzStpSVzbQr0n+8l4ep04Zye46Jyd88Xyx+sPRru1qWtSE529WDhVozm5QnF9U09sehcuSfVrZhwy/2xn/TD3z0buVRlT7yMUlGEnzJY6bPYwvJPW23Hjwx89sn/AAjUqdGrlwtVCP8AFJYGOTTy80x8Sr8aFCMG1BYRhnk4d3K+USxhF39S4aSSWEcuTfh4Q9avHKbimZceC55tl7GeD58Sa+tQvKTel2M1Oo2tqtRbxp/q/TbxPR6Xp+67vqPK63qvx49s919ILY9d4QAAAAAAAAAAAAAAAAAAAAAAAAAAAAAAAAAAAAAAAAAAAAAAAAAAAAAAAAAAAAAAABavLaheWtW1uaUKtGrFxnCSypJ+BLNzVWWy7j5w4ss6OkcVajpdvOTha1cRU3mXI0nHPns+p5HUdPN3T6HpOptxly+zTq8Xh53PKywuNenjlLGy2NTmp9dhhdMMopu6deUG6MmvQ3Y52emHbGuX1nqMpt93GXyM+/8AayWfaJDTdTm8qjGPqkO9jZ/lfpaZcRea828eBLyJ2Ld9ilT5OhN7NaYW4vFQjJJ7sTHZ3aQbCmtQ1iztKk3GV3cU6MEt3mUks/LJ18XF6jl5ebUtfW2gaTY6JpNDTNOoqlb0I8sV4vzbfi292z2ccZjNR89nnc8rlknGTEAAAAAAAAAAAAAAAAAAAAAAAAAAAAAAAAAAAAAAAAAAAAAAAAAAAAAAAAAAAAAAAAAfOPbrQlDtLuqtGThUnb0Zprz5Wv0PL6rK4cu49voMZnw6rULDV5UbhUrmKpVM7fwz+Hr6GjLDHlnj268csuK+fTetA1CnVgsSycGfHca65lMo2OjKDj4YYlSxccaPiomyWMNVYrulyvlwS5Rljiw9/VpwTbaNbPTT9avYzlLleyN3Hjtpzy00zVNXpU6soU8Vav8ACnsvj/Q6scZPbmyytZbsljUve1Dh5V588nfRk/8A1Tlj8Dfw+c45uo8cWT7IXQ9R4oAAAAAAAAAAAAAAAAAAAAAAAAAAAAAAAAAAAAAAAAAAAAAAAAAAAAAAAAAAAAAAAAAAfOHbPdU7rtMvu5lzKhSpUZf5lHLX4nk9Z5ze98dLONq9xYUbu3cZQTyujOCZWV6VxmUYuFTV9BrKpQcq9Bfuz6pfH+pu75nNZNPZcL/Fs+jce2NaKp1qncVfGnUeH8vM0ZcFn9W3Hll9spU4noSjmNVY+Jh2ZNndEWtxRSUGlNFmFTujVtc4vtKfMql0nL+CD5pP5I24cNas+afTStV4ivdQbp0U7eg/BPM5fF+HyN+MmLmtuSxYU8Lpky2Sabx2QXNC07T+H69xUjTpq75XKTwk5RlFfi0bunus45uqm+O6fY66HqPEAAAAAAAAAAAAAAAAAAAAAAAAAAAAAAAAAAAAAAAAAAAAAAAAAAAAAAAAAAAAAAAAAGmdpHHlhwxp86VCpTudUqRxRoRlnkf8U/JL8TRzc+PHP8unp+my5r/h86xlcXV3Vu7mcqlatNzqTl1lJvLZ5Gee/b6HjwmM1GWtUuXDOauqRXWoxnBrdfkYyljXNa0SjXjLmowl8Ebcc2rLCNL1TQ61CT7ivc0fSNRo2zNpvHphaljeczVW7uai8pVG/wBTLua+1cpWnJHZfQbNL1Om1LoWGmRtE8bg0vz5orMW009mnuZ41hlHY+De37ULG3srLiKxpXFGilCveQb72UVtzOPRvHXzO7j6j6rzOXo/dxd10HivQNboU6+m6jSr06kU4tdHk6pduK42e2bKxAAAAAAAAAAAAAAAAAAAAAAAAAAAAAAAAAAAAAAAAAAAAAAAAAAAAAAAAAAADyUox6sC1OrLpFJerLpNuU9vGsazaS0/TLC6rW9vdwqTrzpyxKXK1iKfgt8s4+s5bx4zX29H4/hx5crv6coo2dSpUdSq5TnJ5cpPLfzPGy5LXv4cUk1E2lYuO+DHubJjIkRt3FdDC1nIr5WtmY2stI9eimnlElSxhdQs1NPY2Y5Ndwa/e6fht8q+hsmTXcGNr2bXg8GcyYXBF+6tPoZdzDtSaFBrwLs0kq2k1uizJjpZrWb3eDKZMLht037KFneUr/iWg+aWnwlRlBPpGo+bKXySZ6XR5XKV5XXYzGx9DWta4t1hTzBeEtzr08/bIW97TqbS9l+m6Jo2lJprKeURQAAAAAAAAAAAAAAAAAAAAAAAAAAAAAAAAAAAAAAAAAAAAAAAAAAAAAAPJSjFbtICNWuksqG5lIIrqylJZkyiVHfdfEjFpva7or1Hh+ne0oc1Wwqd7hLd02sT+iw/kcnW8V5OK6+nf8dzTi5pv1fDltO1S3SWGfO19TNLsKUVsybVdVKm1tj4DYtzoQ64Co1e3jh4/IioFe1ymsBECvp3PnZ/QsqaQLrSMLPLuZzNjcWPlpe/Q2TJruKqlp6j4JFmTDtX42kcdF9DLuTtWLu3SjiMHOcmlGKW7b2SQltui4yTb6J7KOFf+leELexqwir6tJ17xr/yy8P/AFWF8j3+n4vx4Sfb5nqub8vJcp6bZJRTUPM3OZRUov3o7NBYrt7ipBZTe3VATKV7CXvbMmlSYVIS6SRjoVAAAAAAAAAAAAAAAAAAAAAAAAAAAAAAAAAAAAAAAAAAAAAAAAAAW6tenTW7LIItS9b2gi6Ed1JzftMo89WBXycyAk0cuOPFERW4xlFxkk4vbDW3wIOQ8ecOV9AuncWlOU9Mqy9iS37lv9x+nk/l8fC67pLx3vx9f+n0fxvWzln48/7f+2qSq15fus8168hD7w/Bom2cxi/CjcNZbJ5XUUTdSPsy3Ep2z6W1JN7ou2Parh3fXGWNxO1auKMqqahH5jZ2sTd2FWLbMpmlwQKlGpFvMW/gbJk13BRioukGXuY9jo3Y9wbO8uqfEuq0cUKTzZUpL/Emv+4/ReHm9/A9XoOm3/8AJl/w8b5Lq9T8OH/P+nY0lCLnJ4SR6zw1mnmUnVksZ6LyQF2LXQCirT5X3kevivMLFDipLmQUSlHeMmgL1G+nT2qLK8yaE6hXp1UuV7k0LpAAAAAAAAAAAAAAAAAAAAAAAAAAAAAAAAAAAAAAAAAAAAAUzqQgsyaGhBr3cp5jT2XmZSCPht5bz8Sj3AHvRZYFNJupPPgBJSIK6bxLIRexlZREUVqNKvRnQr041ac1yyjJZUl5NCyX2stl3Gi6/wADqk5V9Ki6lLq6L96P+V+K9Op5HU/Hf+XH/wBPd6T5X/x5f+/9tWlZKE3CUHGUdnFrDR5V47jdWPZx5ZlNyqZ0oqLwtzGxnMmOuKWc+JhY2yocqG72IpCl5kEmnGMUWIs3EYy8BBDnbwfgZyMLdNz4M4BdzOF9rVF07fZwtpbSqesvKPp1foex0nx+/wCfJ/1/t4XXfJybw4b5/f8Ap1GjShTpqKjGEIrEUlhJL9D2fEeDtYlL7xLP/ZT2/mfn8CoReamCKqqLHtIEXIPmgQW+XDeOhVME2KJxymUWY81KXst4AyFjdtzVKr1fuv8AQliJxioAAAAAAAAAAAAAAAAAAAAAAAAAAAAAAAAAAAAAAAAACzcVWnyQ6+L8iyIg1MuTXh4+pksIxJse8o2CikNiLd1MNQXiyrEi1hyw+JKi+kB6BXTljYIurHVEQXUKi6hptjfxxd21Oo/CXSS+a3NefDhyT+U228XPycXnC6a7fcE2tTLtLypSfhGpFTX12Zw8nxmF/rdPS4vl+Sf3kv8A+Ne1DgzWKOXSpUrmP/657/R4OLk+N5cfXl6HF8twZe/DXr7T7m0m43VtWoNf+SDj+JxZ8OfH/aaehx8/HyT+GUqK6eOmDVpu28hRqVZqnSpzqTfSMIuT+iMscLldYxjlnjjN5XTO6bwVrV61KtShZUn1lXftfKK3+uDu4fjeXP8At4ebz/LcHH/W91/x/tuvD/CWl6VKNaNN3Nyv+9WS9l/yrovz9T2On6Lj4fM814fU9fy8/i3U/UbCoxgnKTSS3bZ1OFDq1HcJveND8Z/6Fk0K6W8W/oBZTxWYZJMfaiEWoPu6nK+j6BVxkHgFL6FFmaTAV04UlJPDisoIyen3Mbq2jUW0ukl5MwVIAAAAAAAAAAAAAAAAAAAAAAAAAAAAAAAAAAAAAAAADyclGDk+iAhUZOcpt9W8szYvKscTbDKKSClvAHvWIECftXiTKrI01hERWAA9AqTa6A0qU0+pEer0eQhzx6Pb4jyKluBTUhGcHCcYzi+qayvoTxfCy68xia/DmiVqrq1NMt3LHhHlT+S2NOXS8OV3cY6cet6jGamdSbGyt7Ol3VnbUrePiqcUs/HzN2HHhxzWM008nLnyXed2kqCWXJ5Mtta1K7pp8tFOtL+XovmXQt8k60s15JpbqC6f6geXL8EFiqh7gFiaxWb8wq9Sl4BHlePNFtdV0BCjPnh6k0qt9ALHPltLwKKYvmlgCjVKnd2sn4tqKCRasrn7pXjWW9Gr76/UWK2KLUoqUXlNZTMB6AAAAAAAAAAAAAAAAAAAAAAAAAAAAAAAAAAAAAAAId9U6U0/VmWMRYtpYq8r8UU0kVl7OSER2wqzKeW9yi7TeYdSCH01BL0Kv0yUFhER6AAAe5AZAJgFJrPkwaFFdU3B+cf6BNKXK4j0dOqvX2X+qAolc1Yp5tKzf8ri/wBQLSq3tT2adCFBfxVZZf8A9Y/1KH3eMn/eKs678pPEfogi5LC9mKSXkgsVx2RER5+1UZWS5R2iEW6qywqmMsPIFxSygLE33VZP92X5gSY7xYGOtqnNXrwz7sgJFt1lL6AY/X63uU14Jyf5L9QYvbWPe2Cg/BAZThy756btaj9uHu+qMbBlyAAAAAAAAAAAAAAAAAAAAAAAAAAAAAAAAAAAAAAorVFTpuT+Qk2MY5Nybb38TMi2pYnlAT4yU4Z80REaWzaZVQ4yzVmvJgS6HusCHJ//ACkV/KIv0yi6EYgUAAAAADwAmB7kCnn8AmjOE2DS3T3bbCvesgKn0AsR3lJlFUHhAUye4FLQFGeUD2WKtJoCqynzQcZe8tmBirabhr17R+El80F+mTg+WnjxYYtfva33i9nNbxUuWPrjYMoyGlPNOUX1QKplKdrdqvT2cXkI2m2qxr0IVYPMZLJgLgAAAAAAAAAAAAAAAAAAAAAAAAAAAAAAAAAAAACBf1HKfLHpH8zKIip5TKq3Lz8QJNrU6x+YSq6635l4gjGQf/yFWHmkwy+k+j4oIg0nz61P+WKC/TKpkSPcgMgMgMgeZAAeZAAUSewCAHlR52A9hsgCAqw3F4AtU4SXNlMocsvJgUST8mBRJ4jkChVFjdAW+9jTmt/ZbwBdg+7ucrpLZhGMu491xQp+FW3/ABi/9Qynpf1K57iyqVI+9jlh8XsipGIt4clPvJbKKxFP8yMk/RJPmkn47lRLvKaaZESuGrlxnOzm/wCaH6kozhiAAAAAAAAAAAAAAAAAAAAAAAAAAAAAAAAAAAKas1TpSm/BCDEybb9fEzI8fQC2+j8gFOeGpeMeoEvPNTf4BIxNzJU9Zo5eFVpyj80GU9MjRay8BETTo81/c1X/ABYC30ySZEMgEwPUwGQPQPGB4B42BQ92BUnhAU9WB74AMgV0nu16CIplNKePMqHPsBYdV5f9QLc60lHOWVVrv8rfHzQ0Idzc0oU5znCDUVnyGlXqdw6tKL5OScYRb38wiNrs0vut10abh9f+AsRLyqq95Rt8txpR7ySXi3tFfmwsUTbqTa/dj18iKlaM83Tb6PZFSsrXWUREKUpW9xC4h1pvL9UBtdGcatKNSDzGSTRgKgAAAAAAAAAAAAAAAAAAAAAAAAAAAAAAAAAAQ9QqbxpL4v8AQyxRD8Sq8kBbk8L0AtZcZPHQKk21TMWvIrGsTxRLuaNveLpQrxcv8stn+hGWH6T7GScZSTbXL4lRd0+HKpv+KWSCTJ4TBFuMsvqBcTIPcge5AZA8yB5kDwAB42B4B7kClsDyMmubD8CosSlJPOWBQ7lbpyKaW2217Lz8wI9xcTgsOEsfAoiSvlHmk08eWGFY+7uo16bjzRUXJKW/qBldPrd7bVK62VSbcV/Ktl+CCIfEV0v7N5XtyTjJt/EEY/Trpui5wXNc3Uub/JHovwIzZTuo0aGasmor6sgu6JmVy6jjyrGIx8kErM1FkIiVFnK8wMlw1Wbt6ltJ70pez/lZjRliAAAAAAAAAAAAAAAAAAAAAAAAAAAAAAAAAPJNRi5PogMXKTnOU34sz9IoXUK8kBaz1QFip7O/gFKdTkmnnZ7FhTVKEL3Tq9pJ/wCJBxz5PwY0xl1UDg2tUraXPvc95TapTT8JLqSemWftn6K5YBIs3NTGwHlBtrIF7mwB7F5JoVJge5A8bA8yAyB4AyAyBS2BQ5FgpUve38P1CLNSQIh3UOdPwfmWKhRr1aE+WUsookqvGtBoCFXjKEtt0BhNYjiUYpLNSSSfkBstlhWUVFYSikio1bji6nR0epFP2qtSFOO/m8v8ES+meE3Uzhtwt7SMpftKzivZj4fFkWst3cpxdxcyW3ReEfgEStBzVqyq/ufuoiVl6nRhEXlbbb6Ae2VV217Gth8j9mfw8xYNkW6yjAAAAAAAAAAAAAAAAAAAAAAAAAAAAAAAAABYvJfs+7zvLr8C4ohSg103MiKUgqipsBHqLPowRbc9uWaw/wAwqNW2i0ugVdtq/NFNvfozJhVzTLaFv95cOlas6j+LS/oQ2nuSjTeSEYurV562E/ErJNpZUSIrinnqBcWyA9yTQZAJgAABgU5A8yBTJlFqUgKE3iXy/MsFic2iC3UlzL1LBAu45TKI1KrKMuoEuLVSAGv8QJxurdbr2mykbBZSzYrfwKjQe0Ku6mo6dYRk1mcqsvh0X6mFbOOe63DQKFG3souS2x82IlS6qqXb5prlox6R6Z+IIy+kU+WjzY69CJU2UJYfRfEItKEU/wCN/gXSbU1Yc0Wpb+iKMno1Zzte7n71N8vxXga7FTSAAAAAAAAAAAAAAAAAAAAAAAAAAAAAAAARbhS7xya26JmWPpFkqGFvlfMKtVIPG26BtEmmm8BViovQMkWr7rw8ejAi06sqcmpbJmUSxl7Op+wUgwW7y5fK4pkZLNmsyyyjJQWxiLkUBTKW+EB7H6geoCpEHqAAeMClgU5KKJMC1NgW1lwn8V+pYixUUt9yKjSm4vp8yiio1OOxRjq+YTAuW1Zp7gY7iz2XbVU8btFixldMq509PPgVGha1B3naEqb3jRpQXw8f1ML7bMf6ugWaSpxhBc88dEVinUrV1GnXnmK/djtFfFkTbL2ziqfLTisLx8Ax2uSjlNyfMwiJf31jptDvr+6pW8PDnlhy9EurfwG10osXf6pidC2nZWr3Va4jipNfy0/D4y+hj3LrTPWdtTtaPd0+Z+LlJ5cn5tmIvAAAAAAAAAAAAAAAAAAAAAAAAAAAAAAAAABZqW8XlxzF/gWUafb8d8Ny4wu+Eri9+5a1bSSVvcwdNV00pKVKT2msPwefQTKW6W4WTbZX0yvwMmCPUWW3y5+HUqxZqUVJYxv9GRdsfdUpRTS/FFVjbpTVF5Tynkqsnps3LTqcn1efzDBRODlPoyqmWtNpdMGImQjsQJvCfUCiCb3AuJYQFSA9SJoe4AYApaAoZYKfAC3LO4FqafkwLaT7uWNm5L8mWC3KMvFgRLqLWWk2URYVGpYa/ABc0u8puUY7/ADHJyjPGGsehRa4jTq6JKok26UlLp4dGCL2iVW9MWz6FGvaHY1L7jbU7mSxThUUE2uuEjD7Z71i6PbUVCniEEvWX9Cte1+MPF5m/DPT6AROJeJdD4X0qWo6/qVGyoLZc7blN+UYreT9EY5ZSTdXHG5XUcZ1Pt1vuIOJtP4f4SsZ6bbXt5Stpahd0+aric1HmjT6R6+OX6I5r1O7rF249HccblnXddB4R0rS7hXk++v7/wDeu7ubqVM+mdo/I26/bkuX1GwFYgAAAAAAAAAAAAAAAAB//9k=','UKG','A','1','Male','2020-02-20','active','93829742933','Bidar','Bidar','Karnataka','585403','Indian','','','','English','','','','State Board','902393032','father','','','','','','No','','No','No','','',NULL,NULL,NULL,'Mahesh','','9389382322','','Kavya','','','','','','','','','','','','','','','','','','{"birthCertificate":false,"aadharCard":false,"transferCertificate":false,"medicalCertificate":false,"passportPhoto":false,"marksheet":false,"casteCertificate":false,"incomeCertificate":false}',0.0,0,100,0,0,'','2026-03-13',NULL,'2026-03-13T17:29:58.240+00:00','2026-03-13T17:29:58.240+00:00');
INSERT INTO Student VALUES('cmmp6dkbb0003ob566u0sdstj','20260004','Test Student','test@student.com',NULL,'1','A','10','Male','2015-03-13','active','9876543210','Test Address','Bangalore','Karnataka','560001','Indian','Hindu','General','English','English','O+',NULL,NULL,'CBSE','9876543211','Father',NULL,NULL,NULL,NULL,NULL,NULL,NULL,NULL,NULL,NULL,NULL,NULL,NULL,NULL,'Test Father',NULL,'9876543212',NULL,'Test Mother',NULL,'9876543213',NULL,NULL,NULL,NULL,NULL,NULL,NULL,NULL,NULL,NULL,NULL,'TC123456',NULL,NULL,NULL,NULL,0.0,0,100,0,0,NULL,NULL,NULL,'2026-03-13T17:33:06.455+00:00','2026-03-13T17:33:06.455+00:00');
INSERT INTO Student VALUES('cmmp6dncq0004ob567m1av8fj','20260005','','invalid-email',NULL,'','','','Invalid','invalid-date','active','123',NULL,NULL,NULL,NULL,NULL,NULL,NULL,NULL,NULL,NULL,NULL,NULL,NULL,NULL,NULL,NULL,NULL,NULL,NULL,NULL,NULL,NULL,NULL,NULL,NULL,NULL,NULL,NULL,NULL,NULL,NULL,NULL,NULL,NULL,NULL,NULL,NULL,NULL,NULL,NULL,NULL,NULL,NULL,NULL,NULL,NULL,NULL,NULL,NULL,NULL,NULL,NULL,0.0,0,100,0,0,NULL,NULL,NULL,'2026-03-13T17:33:10.394+00:00','2026-03-13T17:33:10.394+00:00');
INSERT INTO Student VALUES('cmmp6hab30006ob56qhfolyva','20260006','Gorakhgonda Methre','',NULL,'Nursery','A','1','Male','2020-02-20','active','9876383628','Bidar','Bidar','Karnataka','585403','Indian',NULL,'ST',NULL,'English','',NULL,NULL,'State Board','9883788222','father',NULL,NULL,NULL,NULL,NULL,NULL,NULL,NULL,NULL,NULL,NULL,NULL,NULL,NULL,'Ramesh',NULL,'93829372344',NULL,'Kavya',NULL,NULL,NULL,NULL,NULL,NULL,NULL,NULL,NULL,NULL,NULL,NULL,NULL,'',NULL,NULL,NULL,NULL,0.0,0,100,0,0,NULL,'2026-03-13',NULL,'2026-03-13T17:36:00.111+00:00','2026-03-13T17:36:00.111+00:00');
INSERT INTO Student VALUES('cmmp6i8z10007ob56amsoy184','20260007','Test Student No Email','',NULL,'1','A','2','Male','2015-03-13','active',NULL,NULL,NULL,NULL,NULL,NULL,NULL,NULL,NULL,NULL,NULL,NULL,NULL,NULL,NULL,NULL,NULL,NULL,NULL,NULL,NULL,NULL,NULL,NULL,NULL,NULL,NULL,NULL,NULL,NULL,NULL,NULL,NULL,NULL,NULL,NULL,NULL,NULL,NULL,NULL,NULL,NULL,NULL,NULL,NULL,NULL,NULL,NULL,NULL,NULL,NULL,NULL,NULL,0.0,0,100,0,0,NULL,NULL,NULL,'2026-03-13T17:36:45.037+00:00','2026-03-13T17:36:45.037+00:00');
INSERT INTO Student VALUES('cmmp6iqcl0008ob56ttn78gpe','20260008','Gorakhgonda Methre','','data:image/jpeg;base64,/9j/4AAQSkZJRgABAQEBLAEsAAD/4QBWRXhpZgAATU0AKgAAAAgABAEaAAUAAAABAAAAPgEbAAUAAAABAAAARgEoAAMAAAABAAIAAAITAAMAAAABAAEAAAAAAAAAAAEsAAAAAQAAASwAAAAB/+0ALFBob3Rvc2hvcCAzLjAAOEJJTQQEAAAAAAAPHAFaAAMbJUccAQAAAgAEAP/hDW9odHRwOi8vbnMuYWRvYmUuY29tL3hhcC8xLjAvADw/eHBhY2tldCBiZWdpbj0n77u/JyBpZD0nVzVNME1wQ2VoaUh6cmVTek5UY3prYzlkJz8+Cjx4OnhtcG1ldGEgeG1sbnM6eD0nYWRvYmU6bnM6bWV0YS8nIHg6eG1wdGs9J0ltYWdlOjpFeGlmVG9vbCAxMS44OCc+CjxyZGY6UkRGIHhtbG5zOnJkZj0naHR0cDovL3d3dy53My5vcmcvMTk5OS8wMi8yMi1yZGYtc3ludGF4LW5zIyc+CgogPHJkZjpEZXNjcmlwdGlvbiByZGY6YWJvdXQ9JycKICB4bWxuczp0aWZmPSdodHRwOi8vbnMuYWRvYmUuY29tL3RpZmYvMS4wLyc+CiAgPHRpZmY6UmVzb2x1dGlvblVuaXQ+MjwvdGlmZjpSZXNvbHV0aW9uVW5pdD4KICA8dGlmZjpYUmVzb2x1dGlvbj4zMDAvMTwvdGlmZjpYUmVzb2x1dGlvbj4KICA8dGlmZjpZUmVzb2x1dGlvbj4zMDAvMTwvdGlmZjpZUmVzb2x1dGlvbj4KIDwvcmRmOkRlc2NyaXB0aW9uPgoKIDxyZGY6RGVzY3JpcHRpb24gcmRmOmFib3V0PScnCiAgeG1sbnM6eG1wPSdodHRwOi8vbnMuYWRvYmUuY29tL3hhcC8xLjAvJz4KICA8eG1wOkNyZWF0b3JUb29sPkFkb2JlIFN0b2NrIFBsYXRmb3JtPC94bXA6Q3JlYXRvclRvb2w+CiA8L3JkZjpEZXNjcmlwdGlvbj4KCiA8cmRmOkRlc2NyaXB0aW9uIHJkZjphYm91dD0nJwogIHhtbG5zOnhtcE1NPSdodHRwOi8vbnMuYWRvYmUuY29tL3hhcC8xLjAvbW0vJz4KICA8eG1wTU06RG9jdW1lbnRJRD54bXAuaWlkOmIyODM4OWQyLTQwZmItNDk2ZC1hOTVkLTNhODAyMzI4YzM3NDwveG1wTU06RG9jdW1lbnRJRD4KICA8eG1wTU06SW5zdGFuY2VJRD5hZG9iZTpkb2NpZDpzdG9jazo0MzdhZGY5MS1mMzY3LTQyZTgtOTliNi1jY2Y0NjE3ZmNlZjA8L3htcE1NOkluc3RhbmNlSUQ+CiAgPHhtcE1NOk9yaWdpbmFsRG9jdW1lbnRJRD5hZG9iZTpkb2NpZDpzdG9jazoxNDI0NTE0NzkzPC94bXBNTTpPcmlnaW5hbERvY3VtZW50SUQ+CiA8L3JkZjpEZXNjcmlwdGlvbj4KPC9yZGY6UkRGPgo8L3g6eG1wbWV0YT4KICAgICAgICAgICAgICAgICAgICAgICAgICAgICAgICAgICAgICAgICAgICAgICAgICAgICAgICAgICAgICAgICAgICAgICAgICAgICAgICAgICAgICAgICAgICAgICAgICAgIAogICAgICAgICAgICAgICAgICAgICAgICAgICAgICAgICAgICAgICAgICAgICAgICAgICAgICAgICAgICAgICAgICAgICAgICAgICAgICAgICAgICAgICAgICAgICAgICAgICAgCiAgICAgICAgICAgICAgICAgICAgICAgICAgICAgICAgICAgICAgICAgICAgICAgICAgICAgICAgICAgICAgICAgICAgICAgICAgICAgICAgICAgICAgICAgICAgICAgICAgICAKICAgICAgICAgICAgICAgICAgICAgICAgICAgICAgICAgICAgICAgICAgICAgICAgICAgICAgICAgICAgICAgICAgICAgICAgICAgICAgICAgICAgICAgICAgICAgICAgICAgIAogICAgICAgICAgICAgICAgICAgICAgICAgICAgICAgICAgICAgICAgICAgICAgICAgICAgICAgICAgICAgICAgICAgICAgICAgICAgICAgICAgICAgICAgICAgICAgICAgICAgCiAgICAgICAgICAgICAgICAgICAgICAgICAgICAgICAgICAgICAgICAgICAgICAgICAgICAgICAgICAgICAgICAgICAgICAgICAgICAgICAgICAgICAgICAgICAgICAgICAgICAKICAgICAgICAgICAgICAgICAgICAgICAgICAgICAgICAgICAgICAgICAgICAgICAgICAgICAgICAgICAgICAgICAgICAgICAgICAgICAgICAgICAgICAgICAgICAgICAgICAgIAogICAgICAgICAgICAgICAgICAgICAgICAgICAgICAgICAgICAgICAgICAgICAgICAgICAgICAgICAgICAgICAgICAgICAgICAgICAgICAgICAgICAgICAgICAgICAgICAgICAgCiAgICAgICAgICAgICAgICAgICAgICAgICAgICAgICAgICAgICAgICAgICAgICAgICAgICAgICAgICAgICAgICAgICAgICAgICAgICAgICAgICAgICAgICAgICAgICAgICAgICAKICAgICAgICAgICAgICAgICAgICAgICAgICAgICAgICAgICAgICAgICAgICAgICAgICAgICAgICAgICAgICAgICAgICAgICAgICAgICAgICAgICAgICAgICAgICAgICAgICAgIAogICAgICAgICAgICAgICAgICAgICAgICAgICAgICAgICAgICAgICAgICAgICAgICAgICAgICAgICAgICAgICAgICAgICAgICAgICAgICAgICAgICAgICAgICAgICAgICAgICAgCiAgICAgICAgICAgICAgICAgICAgICAgICAgICAgICAgICAgICAgICAgICAgICAgICAgICAgICAgICAgICAgICAgICAgICAgICAgICAgICAgICAgICAgICAgICAgICAgICAgICAKICAgICAgICAgICAgICAgICAgICAgICAgICAgICAgICAgICAgICAgICAgICAgICAgICAgICAgICAgICAgICAgICAgICAgICAgICAgICAgICAgICAgICAgICAgICAgICAgICAgIAogICAgICAgICAgICAgICAgICAgICAgICAgICAgICAgICAgICAgICAgICAgICAgICAgICAgICAgICAgICAgICAgICAgICAgICAgICAgICAgICAgICAgICAgICAgICAgICAgICAgCiAgICAgICAgICAgICAgICAgICAgICAgICAgICAgICAgICAgICAgICAgICAgICAgICAgICAgICAgICAgICAgICAgICAgICAgICAgICAgICAgICAgICAgICAgICAgICAgICAgICAKICAgICAgICAgICAgICAgICAgICAgICAgICAgICAgICAgICAgICAgICAgICAgICAgICAgICAgICAgICAgICAgICAgICAgICAgICAgICAgICAgICAgICAgICAgICAgICAgICAgIAogICAgICAgICAgICAgICAgICAgICAgICAgICAgICAgICAgICAgICAgICAgICAgICAgICAgICAgICAgICAgICAgICAgICAgICAgICAgICAgICAgICAgICAgICAgICAgICAgICAgCiAgICAgICAgICAgICAgICAgICAgICAgICAgICAgICAgICAgICAgICAgICAgICAgICAgICAgICAgICAgICAgICAgICAgICAgICAgICAgICAgICAgICAgICAgICAgICAgICAgICAKICAgICAgICAgICAgICAgICAgICAgICAgICAgICAgICAgICAgICAgICAgICAgICAgICAgICAgICAgICAgICAgICAgICAgICAgICAgICAgICAgICAgICAgICAgICAgICAgICAgIAogICAgICAgICAgICAgICAgICAgICAgICAgICAgICAgICAgICAgICAgICAgICAgICAgICAgICAgICAgICAgICAgICAgICAgICAgICAgICAgICAgICAgICAgICAgICAgICAgICAgCiAgICAgICAgICAgICAgICAgICAgICAgICAgICAgICAgICAgICAgICAgICAgICAgICAgICAgICAgICAgICAgICAgICAgICAgICAgICAgICAgICAgICAgICAgICAgICAgICAgICAKICAgICAgICAgICAgICAgICAgICAgICAgICAgICAgICAgICAgICAgICAgICAgICAgICAgICAgICAgICAgICAgICAgICAgICAgICAgICAgICAgICAgICAgICAgICAgICAgICAgIAogICAgICAgICAgICAgICAgICAgICAgICAgICAgICAgICAgICAgICAgICAgICAgICAgICAgICAgICAgICAgICAgICAgICAgICAgICAgICAgICAgICAgICAgICAgICAgICAgICAgCiAgICAgICAgICAgICAgICAgICAgICAgICAgICAgICAgICAgICAgICAgICAgICAgICAgICAgICAgICAgICAgICAgICAgICAgICAgICAgICAgICAgICAgICAgICAgICAgICAgICAKPD94cGFja2V0IGVuZD0ndyc/Pv/bAEMABQMEBAQDBQQEBAUFBQYHDAgHBwcHDwsLCQwRDxISEQ8RERMWHBcTFBoVEREYIRgaHR0fHx8TFyIkIh4kHB4fHv/bAEMBBQUFBwYHDggIDh4UERQeHh4eHh4eHh4eHh4eHh4eHh4eHh4eHh4eHh4eHh4eHh4eHh4eHh4eHh4eHh4eHh4eHv/AABEIAWgCHAMBEQACEQEDEQH/xAAdAAEAAQUBAQEAAAAAAAAAAAAABAIDBQYHAQgJ/8QAQhAAAgEDAgMFBQUFBwQCAwAAAAECAwQRBSEGEjEHE0FRYSIycYGRCBShscEjQlJi0RUkM3Lh8PEWQ1OCJZI0Y8L/xAAaAQEBAAMBAQAAAAAAAAAAAAAAAQIDBAUG/8QAKxEBAQACAQQCAgICAgIDAAAAAAECEQMEEiExBUETUSIyYdGBkUKxI3Gh/9oADAMBAAIRAxEAPwD7LAAAAAAAAAAAAAAAAAAAAAAAAAAAAAAAAAAAAAAAAAAAAAAAAAAAAAAAAAAAAAAAAAAAAAAAAAAAAAAAAAAAAAAAAAAAAAAAAAAAAAAAAAAAAAAAAAAAAAAAAAAAAAAAAAAAAAAAAAAAAAAAAAAAAAAAAAAAAAAAAAAAAAAAAAAAAAAAAAAAAAAAAAAAAAAAAAAClyinhvDA1Z8T1qnFt3olSVrpkKCi6NS5ftXafV01lLCez6v0MN3emfbO3bZqFWLis1VJ+eMGcYKu9pqOXJYxlAVRnGSzFpoD0AAAAAAAAAAAAAAAAAAAAAAAAAAAAAAAAAAAAAAAAAAAAAAAAAAAAAAAAAAAAAAAAAAAAAAC269PncE3KS6pIDD8R8W8PcP2lS51fVLe1jT96MpJzX/qtyWyLMbfTjnFP2keEaVxGGmaXfag48y5qi7mMk14N+uDC5ts4r91zvtA7QNf4l0ilqNbUdE06lCoqlvStbiFS4hJdG5PdfIxtt9tmMmLUIdrnF9i4ypaxqtS4i9p1rnnh/8AXyJNrZP0yNj258YSnRV7qfcypvMpQpJ+fyRd1j24tn0rtZtqlW2qUeIeJKNzN/3is+WpCLxlNQfVea226DZ2/wCHXNG7bNIqaHWq1J295eWdNuv3M+SNTHSUFLfD648OhlM/DXePyy+h9pj1jRrbVLSwjGnVnFTjOfuJ+bWdyzLafj1dN+0+9o3tFVaD5o9HJdMrqsmca9aSQAAAAAAAAAAAAAAAAAAAAAAAAAAAAAAAAAAAAAAAAAAAAAAAAAAAAAAAAAAAAAAAAEbU7yjYWNW7uJqFOC6vxb2S+LbSA4h2o/aG0/hWpVs9MsbfUryEuSVPv3+zlulzSSx18E2Yd36bZx/t8+8S/aD7R9e56NHVY6ZbqOVSsKPdbes23KS+aMfNZSSfTn2paxc3NKdzd3NxWq5y41ZuTk/NNk1GXdUW3v53FGU1QamlhSUuvo0UlWUrKtCcvu0oyXvKCalH5eK+ATbyVSnTUZ06mYpb5l7TC7QbzULj95xUYv2VLfHwCbTtF1itlU6rU8tdHhv/AF+g0Stid0qa7yc3Ug9m28PD88eviTTKVsfA/Gdzo8algqk3b12oyUW89U9l57E9L4r7I7KOLtCveHrSx+/0re8x/wDj106VT2t1hSxzfI2Y5Rozxu9t/M2sAAAAAAAAAAAAAAAAAAAAAAAAAAAAAAAAAAAAAAAAAAAAAAAAAAAAAAAAAAAAABlAAPnL7YnaLPSNJsuHtHuZQup1HXuKkdsRScYxi/NtvfwwYZX6bePH7fJkNTtFTnKo04xqRq4y25LEuvz2MYz2xsq9nQU7qpVk6VKHOop4b8vz/AqbWKWr17i4cbfToXLePflhL0Xw6FSVJrVqtk+Z2dS3bacqNT2ov/LJEXaFWnOu3WoN05xezfSWfMgpod5XnCpUUW8+2oPKKK9VT5P2cE5PPK8PGPLISsPYVe4uailTlDmxGUc7ZbxlfiVI2mjft2spt/4Uu7mvSS/qTTLabpt9QrQhzR5ZOn7y8Gm8fkRZW98G9pmt6JPuLjudStG+WtbXMVOE18/T6GPll4rvHZr2+aLCtPStStb6jQSg7ZKp38qX8UN3zOK2a6tdPIymevbDLi35juPDfFWgcQ0+bSNToXUsbwTxOPxi90bJlL6arjcfbNFYgAAAAAAAAAAAAAAAAAAAAAAAAAAAAAAAAAAAAAAAAAAAAAAAAAAAAAAAAAABw7VO03UOJeIL7SeD7CNzGxrSo3V/d3Lt7Og02lFcvtVJ7Zfh4epr7rfTdMJPNcV7WePeMeHtUuLKy7Q1cXEWo3lG0hU+70G17MeaTeZvrypZxu8GOr+2cs16ct1CV5rkFeatqd1qVdU+Vd5+6vBY3MpEtc/4jp1LS5xn9nNPHM00vR4EjC1jqNWdSM6LqRjFpZUt9lLPh6FY7ZDTIy3rK4lCMN04SaSXw8QsbdeQjqNCDm1Lkikmuk1nx9f6kZsdT0z71cxtIyce8eZNeMV1/wB+g0Iuq3dN0lT09KnR9pc+N5JN7/DZ7LyGk2hV7iVpF0qqlNpJySXKo+j9d+hdJtZr0KFSNO4VScXs3Tn479fwBpdp/eHZVor2XOXtt9N938cLHQgmWdSNOnWxJr2eWLfonj82FjJ6Zc0rmjRrSw3KnFv6f8kZSslFyta33ihP247ppe1F/HyJYz22LQ+0ziLRb3v7W8lzxlGW6aax0aefk/iY6p4ruugfaa1Kpb29fUtG0+VKLiq3c3P7SS8WovxM5nWH4sfqu+8B8b8PcaaYr3Qr1VcL26U1y1KfxibMcpWnLG4+2yFYgAAAAAAAAAAAAAAAAAAAAAAAAAAAAAAAAAAAAAAAAAAAAAAAAAAAAAAH0yBy/tY7TFw7SvbHTqXf3VCg516kJZVsmnyub6Jvwju31wY3Jsww35r4to6tqtjp93O2vqlKNac6icKjxKXVya68xr03bc5q3U6dbvZ1ZV5OUpftd8yfWW3VsyYbbJw/eXtxbxqYUYt8scx2WPFL/kujaDrNorycnd0p08vEJpRcn+v4iMasVNKtbK1VGlQjUqcuZyqU228fPCBrws2WjRqQlcTrTpwa5eWKSjjO+PEbJF+tcTo0HRtJybp+6vT/AGgqNR1ypbXcp7Rn7dPOeil/rsE35YzT7ylTp04TW8G18cS/oVIyFvCGrV6EYzWYbzyv3n1fx6/Ui6ZKvpMbafPPnnmSk2qe0fDGeiC6Yi7j3lfuVUi1OftYnnmSfQiLd7VaqYzyp1JYWfLCLCsrbZtLKEpx5ZP2VHyxnb8fwCxOvKz7mk1N8/cxfKv3spf8mLKIlWcpRcHyyjjdNe7LHh6DSslY6rO0toUoY5YvmXLhb9MZ/qFbVwHxxrPBuu23EujV+SkpqNalGWYyT6wkvJmPrzD3NV9+cBcTWPFvC9nr2nyzQuYZSfWL8UzdLuOazV0zpUAAAAAAAAAAAAAAAAAAAAAAAAAAAAAAAAAAAAAAAAAAAAAAAAAAAAABG1SNzLS7qNm4K5dGaoufu8+Hy59M4BHwL2uX2pWWoVNG1H+0aN22rrUqd5XU1Uu5bOaUf3cJYT6I1OmNPuLW5udNyp28k0toQw188lGmz0Wr/aDp1JpU5VMYh1fnv5ebDCxsOpahSsLehGy5IKMPdS91eH4blPTGUtdrVM3FSS76pLlhJfuLPh8F+LLETtRryqSVKlCc+XlWI9Odrxfkl+LJtUW7vIW8J0YXUIVdud01mT+beSDH07qnUipOtz1YNYqNYa3xv5rOAm2D1iv3larLZScv2iXmWMbUKnFTcXOcvPmS6FSNt4ZdhRUnO8lSk+ik0seuP6mLZNL/ABHWrQdOdKbnb8uFOC3b83gFY6ly1Md17Mt5YxhvGwItafOn36ua8eZwk+6g+nM3u36L9Cxiz9Lmr3FKjy+205S23gn5+v65FZRRqNRVr2pKPtQjhReeiW23+/EjJbspd5CUW81M5+XX80gSoV3VjCs6TSSbe3g9yCuwuKkKdSlzONCbXN4rPgFj7L+w5rt1caNq2iVpKdvbyhOi8+62t1j12Lh+mHL+30qbGkAAAAAAAAAAAAAAAAAAAAAAAAAAAAAAAAAAAAAAAAAAAAAAAAAAAAAETV7uFjplxdVE5RpU5SaXV4TeF67AfAX2i6t7LtE/tPUu7VxqlnRvJwotSjTU0+WPrhYWfFmtvnpp2n3Ufu8qffS5OnuPyEVA1ytTsbOMqcUq1ROK+HVv/fmErV/vE60uSpJuddKSk30e/wDqvoVjtdtLeMbuH3uMqaoLM6azzOWVjC9cA02WlezubaMLHmjUk3lNxwvXYKxd9a153UFeKlUpJ8s1hZintlPPTdepBrFw/u/eUlJ5eUvk90/Xb8CsESrJ16kqk5pybyk1uVEm2s7hrnxiPn4k2ykbNp3DbhYq9uaTq02svDxy/gTbKY/taVNWtOUbdylTc/8ACm8rG/QLJpCqcltUlOEmlUcWpNbpL936/kInpTG6p0q0qkG5N9Gl4+gRNsLubUt3Tpt8098ym/VlImuTlb1ZuPLFxxH0X9Qy2s2Kmm57J8u/o28/0IRYuLRXkpuMsSjHKTfVIhp7YOHN3dZPu5xw/R9P1Cx9YfYQ0yvSvdb1CdVyXJChFZ675b+Wy+ZcPbHk9PrM2NIAAAAAAAAAAAAAAAAAAAAAAAAAAAAAAAAAAAAAAAAAAAAAAAAAAAAAI+pWdG/satpX5u7qRw3F4a9U/BrqB8I/ag4FuuE+OaLlCdayuqGbauk+V8rw44zs1tstt8rCNdmm7G7jl9OorW0qU6kXGe0o9d8b4/EbZIPEEZX1zR7uLx93k448ZN5f6FjGsbbWtCc6kJyi4x38nD4Z9MfQqLmtzquhDkquUI5UXjomumfr9TFfpH0jUKdjyS7xupKMcQbaXXwaCR7d387ucsScUt1vnZf7/EKwN3N1KnPjKm8tfzFjCq7SkqlRfsV5bZ3BI2fQo03GXOsvlSXpl9SNkmkm7v3G0drCEoOT5WnLrv1IrE1K8eSWPbj5+q8QukavVcrak6kVJ77tevUsY1HjRW0cNJ7rcrFkKMacYqOJrHhnBBL73NONOWMywopbt/Aoqq1GqioQTzL3sb/EivFFudRppOMHvnbcMlqnONRKqkvawl9SEfV/2JdbpU6t7p0cupVzWlhf4cUsbvr/AMlx9seT1t9aQkpLKafwNjS9AAAAAAAAAAAAAAAAAAAAAAAAAAAAAAAAAAAAAAAAAAAAAAAAAAAAAADiH2w+G3qfZz/bVChGpc6XUU03U5cQk0p7fvbYMcmfH7fEGt1KlW1p1knHkl0e+MeBg2r2kw7617ltScFzUZrpKL8H6/78DKMUW5tua5dRKMKnuyTXsv1W6x/vYbJF+hprr0Wrjkp01s0sNy+e+F+JFYbU9DcZ/wB3jKfcpZwt8LqEmO2Ot7OvHEnlRe8JeH/BNspjUe8tJurNOnJZw4uKymyysbirsXKj7PLGS2yl1QJGx6PP9ptbymmvB46+KMLlI24YXJk5cN39wnL25RaxFuOGkab1GMdOPSZ32vWvBcvalKPtY3XmaMuprow6OT2s33C1SFNxjTe35GWHUftM+lmvDV6tpO2rSU6cpQz7S8YvzOvHKV52eHalRoUVT5nOSWNsNp/gZsNKaVF0VKs3yp7py649SsVFColKTp5k5+9VqSx9PJEF+7uKUNKr9xNVassRyl7OX1x57BfpGUJ2+nQUt6kZc9ReWfAE8R0LsQ7Qv+h9VvbiNrUuZ3VCdGlyzwoufVvzIy1uafb32duMLzjbgV6zdWqt4Qryt6bUs8/IkpS+pnjdxqzkl8OkmTAAAAAAAAAAAAAAAAAAAAAAAAAAAAAAAAAAAAAAAAAAAAAAAAAAAAALV1Xp29F1asoximllvCy3hAcq+0reTq9j2uVqcVOio01FLq/2iXN89zG+mfH/AGfBes3Khz01UShJKSjJNYZg2sbomq07WbpVZycM4Uv4c+nVoqSpVxct1HOE5Tj4Tg9mvlkiqqd9Vl7KqY5es5SbaXxey/MGm5dmOmz1jUY29Gn+xXWcl18M/DHT5nJ1HPMPD0Ok6e5+a6DrXZPp1xRn3Evu6bzFpZWfh4fE5ceprsy6XGue652e3FnVnSnia6N009/XHqbceoaMukYu24GuFUWKCj5LG/yRnepYzom+cH8AwoONzexy10jjoc3Jz3Lw6+Lppi3WhoFHlyqS+hyZcjsw448q6FSj7Shj4GH5Kz7IhXWi284P9mvoWcliXjlaZxBwXRuKrlTSjP0XU7eLmsefzdPKwEOC69CrifJy52bhg7MeocGXTaqxxHw3K10udenBKaju8ZbXzMpz7umOXT6x25nW5lXnGo3JweM+ODpjhZGxrQklyUm5r3d8Rz5lEmrbv7pXTlzSlF7+ciLPS9whp0r3VbW2pf4lapFR36bZf0RGWMfpR2Ladp+ldmmj2GlwjG1pUfZa6ybeZSfq22bMfTTl7biViAAAAAAAAAAAAAAAAAAAAAAAAAAAAAAAAAAAAAAAAAAAAAAAAAAAAHHu1jiK+veJL3gihVqWlWdvRuLKrjEalbE504OXgpTp8phb9NmMkm1jtM1/QuJ+wnUr+ld0aFKpZbwnJKdGtFb05J7qUZRSx8y73EksyfA+uzjcXk4qvGpVjiWU08xe/wBU3+Jg2MBUo1Y5ajzLPWO5Yx0laZ3nexSzHL9rGzMbdM8Jutt4O4dr65NSlUbgnu3ucfUc/Z4ej0vTfk8u+cBaLb6LaRpW9PDfvSfVs8bk5bnd17vFwzCajoVmouknJJ+aMceSrlgsX2lWtb2oUoKXojZORh2MX/YlKM8xoRT88YL3p2JFPTuXrFY8jG5spgvdzGMcGq1tk0i3MVhrBjtnpibpLcyxrGxja3K204p/FHTx1zZxHnSpuLxCO5vmVc1xYjUrVVKThJ5XhlGyZNWWLhXHOlvR9eqd3DNvN81PKzyp52+uT0uDPuxeP1HH2ZINldUoyTnRkn4vpk2tCj7/ADuG6kkoQ54wil0it2FjNcC6lQ07iWldVJr9j7nlJyXL+CbZGWL9F+wXUrfUezPS6lGpTk+SUsQ8E5vDx4dDPH01Zz+TfTJgAAAAAAAAAAAAAAAAAAAAAAAAAAAAAAAAAAAAAAAAAAAAAAAAAAAAHOu2js5nxlYQv9IvI2OvWlGVOhUnnuq9Nvm7qpjde0lKMlvGSyvHONm2eGWnyT2o9mHaZCreXepWVavONNTrxoRdWTx4vkj7XR7mHa298rhErWSq80PYmpYfN/QqaVVYRpVIOvbOXPBSjKFTqgM1Zaa7qVP7nTk5y9neLXJ579Dn5M5Pbq4eK5Xw692f6MtOi4xWY8sVlr0/2/hg8fqOTue90vH2TUdG0yPLheBw2u1slj7pJRPhHy6GW0VqCfVFlqLNaCS2GyMfX2bMGaBcPKaEGIvE0mZ4saxVVPJ04OfJb33NsaKx+oS9iRnKwscx7SreNaydVxTnRefin1/36HZ02WrpwdXhvHbnEo1XTlGnvJPZtZO+PKWaNLM5U6smk3mMseJSM7wxw5ca7rlvYUbqhZxnLmndVpYjCCW7a8WsdCLp9y/ZEhpz4Wh/YMLmWn0u8jUuq0nzXE+bCk10Twm+VbJYLix5HejNrAAAAAAAAAAAAAAAAAAAAAAAAAAAAAAAAAAAAAAAAAAAAAAAAAAAAB4AfOvEnajQ4P7ROJ+F+PKtajTqr7xpt3DOJ0ZRfLF48t18UzDeq2du54fEWtXVK41K9qUYpU515zpzy25Jyb3z6EZ7QK1ScqtNc20YKMfhkix1vs3UKlrSUqalluT+OTyertlr2+ixlxjrWk2a5I4SyvI8nPK7evhJIz1naTTTwSTa2s1aU3Fb7l7WPcmRaXkTQrUkyi1Xa5WRYxN1JJvLIy2gVJxw8tIymLG5MfdSpb+3H6m3HBrucQKjtY7zqRXzNuONassophOyrPu6VaPO+iybJjWq5RjdTtH7UfMyT20PjnSalTT6iSbcotbL6fivxN/Dnqufnw7sa47bVJxcoNLK9Nz1o8O+FuvcQS8Gn4Z3TKx2uaXVvK97C3te8qVas1SpRj1lKTwl88kWV+mv2feBv+gezHTNErSU7101Vu2nmKqy3lFei6epnJqNeV3XQCsQAAAAAAAAAAAAAAAAAAAAAAAAAAAAAAAAAAAAAAAAAAAAAAAAAAAAAfOv24OBY69wXa8TUa8aVzpMpRw6e84Txlcy8ms4fqY5NnHfOnw1c2FV0O/ceSUXiTSyvmjFmotbZ17hUqeXJywtt9tzDLLtjPDG5XUdg7JrKf3W4m4SUYXDjTz5NZ/U8jrMpbHudDjZjduoUdXo28vu9ulUqR95romcePBcvNdmXPJ4jyvxZXoLlVOnOS9dvwOrj6Wfbmz6q/THvji/Um3On/lh/qbL02DVj1WbIWPGNzVa7yKefFLDXxRzZ8E+nThz2tl0vWXX2l1ZzZYadOGe2Wq113ec+BrbGua1fOnFtPY2YY7YZZaaVrOvVoxcYSfMdfHxxycnLWq6hfX183Tj305PbY68OzFxZXPL0sW2j8Vp89LmVP8AhnUbMrycaTi5WWsra/xyXkVCpF7OLaMe7H6Xty+2Ro3mpUa0YXX7ai9uZLLRjnjjZuMsM8pdVlL60p3do4uKba6M55dV03zHzlxlp0tG4lvLZ5hBTbg/5Xuv1PZ4M+7CV4PUYdnJYwc6Eq+ZQ5H5tdTc0adc+zfwLc65x7oNanGNSEbtSlHOXCMN5Tfl4JGPustam36RU4qMFFdEsG1oegAAAAAAAAAAAAAAAAAAAAAAAAAAAAAAAAAAAAAAAAAAAAAAAAAAAAABrXaVeaBb8J3dtxHCVayvIO3dCEeadVvwivNdc+Bq5uXDix3k3dPwZ82fbhH529qWkUdE4jvKOnSupWam+6denyTdN9M+GfD5Gvj5ceSbxdHLwZ8V1lEfsq0qGrcU1Y1YS5aVDmTxjfOEc/W53HDw6fj8JlyXbtU9I+4aOrawi6dSpspJbpy6v6Hk45by3XsXHtx1E7QOF7enRX3nnkl1Tk0vojZlz/prx4Z9p15dcM6U1Qq8rrS92lTi5zl8IrLZMc+TL0yvHhjPLCard6bUi6q4a1Fb4VSVpyP8WmbZhzfbX3cLD2+p6fG4VKVCtayltGNam4Z+DezMMsc5PLLG4X03Dh+cajXI84OXOunDFtjozlbZXka42NV4hpONGUn4GzC+WGc8OXa7qdChWfNlycuWEIrMpN9EkurO3jxt8RxcmWM9p1lVjpXdz1/VdP0KdXDhbzhK5umvWnDp8Ms349P3ObLqpxoc+PtNqV1Ss+K6TfNy4uNNnSj72FlqW224vR6MeulZ+lrF5b0o3F5SoXdnJ4V3ZzVWmvj4x/L1NV4rj6bsebHL22C1dveUVOm4yi14GvurZ2r0aPdwccbGLKOH9ulnCjxHb3SX+NSSl5ZTPT6K7xseT1+Os5XPnRlz4jVg09/Z8jst04ZjbX1l9kK5seGNTp1dYt5Ufv8AFUqFZP2YN9OZer8Tmw6nHv7a6+TpM7x90fYa6Ha80AAAAAAAAAAAAAAAAAAAAAAAAAAAAAAAAAAAAAAAAAAAAAAAAAAAAAADhX2pL6/sr/h+djJNx7zMJLKeWl+h4/yd/ljK9/4XHeOd/wDpw/tIoadrNsq1xSlSuqtFKPNHGMdTn6XLLHLw6+rwxyx1Wj9idOnR4pvaMVhulv6tSwzr6/zhK4PjvHJY79Qs1VjGTWeXc8Xu1Xta2wvF91K0sZJ3Ss6P79WMeeaXlCC3lJ+Bv4se6sM8uybaZw3pfFvFGm6necNUp8P6Jb0K0nXWJ399OMX7Mp7uOWseGM4SPb4Onx1uvA6nqst6cgvda4crcA0rWdnxBX4xqXancX1e8k7aVLmbwo564wt1nOXk6J2dvry5L+Tv9+HQOxfg+/4m4O1TWKGoV6ErW57ulRqvvKFZKKbjh7prOMrzNWfFjnja3cfPnx5Se46TwpptxbU4TnlNTcJQby4SXhn/AHjdHg9Tj27r6Tpsu6OpaVawr2EsrdROfhvdjWfL/HKNM41teSxrOK3wbOK7pyenGrLRbqtxHbzo1VQrSTnO5mtreHOoycM7OeHsvRs9Xi16ryeXu9xvPbDa3vZ/qGk8S9lsLG5hDTq9hcz7n7zXp1Jy5vvEn7zk8e9vjGGsPB6ePJjjP4PIvFyZW98cO7MtO1i541sLu7nCnTjdutd3dzb5pxjJvvHLK9ptZSW+7MJy6y22fgvbr26dxHw5RqcQu+7PbWvp1utq/fJq2r/5ab93/exz8/NxZXxHV0/By4TzWwcOWGoUaSjcUKNF9XGm3y59PI87Oz6enxy61WcuqXJTw+pq22SOHfaCaV3py86c/wAz0uh9V5fyHuNP4U0CtqXJXqU5RpJZ9Xjc3c3L2yyNHT8PdZa3ex1nUFxBZ0VdTjSo4UacXhLB5XLlqbe7w4SzT9F9JquvpdrXfWpRhP6xTPocbuSvkspq2JJWIAAAAAAAAAAAAAAAAAAAAAAAAAAAAAAAAAAAAAAAAAAAAAAAAAAAAAOOfaQ0q5uHo+oxpuVvTqd3Ukl7jy2m/jv9Dx/lcLvHP6e/8HyYzvwvtyjjeNpHh2lQq0VOSjNxklunuk0eXw53HLcetyYTKXbj3A0Z6f2i2znHu1c05U3H1xn80evzWcnD4ePw4Xj5/P2+i9LacF8Dws/Fe1il19MtrinLvaMZJ9XjcuHJcTLCX2xFpoNno9zK50irPTq8nmU7eo6fN6NdGvijv4usyxu9uPl6PHOasaDxVwJwhdX9e+udOod/Xm51XTuZU4Tk92+SGEsvywdF67bRj8brx9J/DdrONnR0TRaMvudPKhRp5hRhl5b/AJn67tmnPnzzdGHS8fH506DS0521ChbPDcIrKjFJL4JHn9Tyb/i6+n4/eTadDp8ttOL8Yk6b1WPUe41jia2VWE4NbMvHdMspuNT0bT6tjeVJ0cNTjyzi0nlZz0Z1zm1HP+KMlqFxcwouPc1VB/8Agk0voPzZfVZThwvuMB31B1suhc1JZz7cG9zC82d+2c4MJ9MtaSvK8cK1qQj/ADLBJyaS8c+l6dvKG7WGWZbYXHTH6lLEPUyjFw3tpoVdQ4osbWlBzVG1c5peGZP+h6PS2YcdrzOrw/JyzGLvBmqUKDt7Cvaw2fJKXn5fQ5uXO27dfFxajP8AAfBN/wAU9rctG0+D7vvs1KmNqVPq5P5GH47zWYRt/Pjwcd5Mn3/aUYW9rSt6fuUoKEfglhH0Empp8rbu7XCoAAAAAAAAAAAAAAAAAAAAAAAAAAAAAAAAAAAAAAAAAAAAAAAAAAAAACNqlja6lYVrG9pKrQrRcZxfl/UxzwmeNxy9M+PPLjymWPt888X8OK0uZ2FwuZWtV08vxj1i/mmj5bqMLw8lxfX9Lyzm45l+2tdpvA9rU0nSuJ9DpxV5pVSM68I/92jn2vmst/U6+Hmnb2/ty8/He/u+4z2jTUoQaeU1szg5pp28V22vTaKqRw1k58PLZl4X7vQba4i3OmmdEx01zkYmfCWmc+ZWsG/VFmemW9sjZaZaWVPFCjCHqkS8l0nasVIp1Wzjyu66cZqMnpr9iWPI38GTRyxgtbj+0ky43yys8MTRpxVXmjg2ZemEZi3tqdWO8Vuae6xs1EqlpVDryL6F3am4pr2MIx2RJs3GD1ShypvBvwasmqattn1Z0Y+WnJqUbO3jrF9qFxGE+8hGnmXhCKwl9XJnTL4kcmv5WufaRp7u+L1TtoPu41eZvHRJmrPz4dGPibfZn2a+FKGlcOXXEM6KV5q9ZyU2t1Si8RXweMnq9FxTHHu+68P5DmuWfZPUdZO154AAAAAAAAAAAAAAAAAAAAAAAAAAAAAAAAAAAAAAAAAAAAAAAAAAAAAAADmnbFplWlKlrNCiqtGcVRuY+v7svzX0PJ+S6fu1nHtfE9R2747/AMNGen1atrSla1pQcd5UnL2ZLxTPD84V725lPLFaHTlSSpSWHCTjj4PB0dRN4ytPB4tjfNFpJxRx8c3W3ly1GdlCEaR36kjiltrDXteEG8tHLnXbx42xCV1TmmlLOPI1+2dmmPlcKpW5Yp4yc9nluk8Ni0milayk1jY7un4/421xc2f8tMDrEVKU0ma8cf5N9usWqKvWpzk1FtJ7nRqemrz7jM6FqVKriPMsnPljZWyXcbRSrQdPKa6FmmKxcTi8kVg9aUe6bN+Ma60bVn7z8tzfxzy0cl01S50V6nfU51LmrGjCK/ZxeIyfV5M875YYTUZ3Q+HLrVeJbTRtKt4U/vTUZTjHflXvNvwSRlxYXOzGMOXknHjcsvp9eaRY0NM0u10+2jy0balGlBeiWD3scZjNR81llcsrlUoyYgAAAAAAAAAAAAAAAAAAAAAAAAAAAAAAAAAAAAAAAAAAAAAAAAAAAAAAAIuq2VLUNOuLKvFOnWpuDz6+JhnhM8bjWfHncMplPpxmMJWNxUsL2DpV6D5Zxf5/B9cnyvNx5YZ2V9hw8k5MJljfbAV50VqdadGScXUzsZ5Tu4YmH8eWxtWkXSjTTycmN7a35Y7TbzUowovMkjb+S6aseLy5zxdxRKnXVrbPnr1JcsIp+Jjhx3N0XKYRndAta0NOXf1OatNZlLwRt7JPDRc7btF4h4ktNEcKFXTdSuK0lt92oc6+OW0hj03cXm+0qw4qjW0/m/a0017lWPLKPxRbx8mM19JMsMrtqnFnF0bKHeLvKjb9mFNZlL4Z2+bM+Hp77rHl55PEY7TOM3cWM5XGkVLV+HeVYycvobbw+fbVObwgaFqNeFSTnJxfO5LHhl9CcmEXizrfdE1+Fel3bmuePXc5csLHVjZU6tqSw/aNcjPww2qahz02uY34Rqya3c0L6/pV6Gm2tW7u5Upyp0aUcym1FvZfBHVw43LLUcfNlMZusLw5fUpWkYV5claC5XGW0k/Jp7pmH+K2yeNx9Ddg/DNezta+v39s6VS5gqdspxxJU+rljwy8fJHq9Dw3GXK/bxPkeeZWYY306keg8sAAAAAAAAAAAAAAAAAAAAAAAAAAAAAAAAAAAAAAAAAAAAAAAAAAAAAAAAAAY3WdB0jWFFalp9C5cdoyksSS8src1cnDx8n95tt4ufk4v6Zacx7W+H7DRoabV0uypWls1OlKNOOFze8m/N9d/Q87ruHHDGds1HrfG9RnyZ5d93WrWV66dNZfQ8S4eXvy+GD4w4lVnZVZuXSLNnHxbY3OYzbQeALpavxDPUL6qnKLzGLfurwXx8zrvH246jjnL35brt1jc0nQWGuhz6bVu8pKtF+K8zKeC3bWNY0G5uE1RuKlPP8ACzZjnYwuErTtS4NuoXPfVrmrWkunPLODOcjXeJXT0uUIJTl08Cy7O3Sm6hTt6TfNFYRO3aS6axDiV2mqLuanNJPEop9UZXi3DHn1W9W+oXFakpzjJZ8zkuMjsmW4pr15SW7M5Gu3bpn2dtK+869faxOPs2lFUqb/AJ59fpFfiej8fhvK5fp5PynJrCYft2Oeh6NUvvv89JsJXec9+7eDnnz5sZPU7Md708f8mcmt+GQMmAAAAAAAAAAAAAAAAAAAAAAAAAAAAAAAAAAAAAAAAAAAAAAAAAAAAAAAAAAAAANe7QtGet8LXNrSjzXEP21Bec474+ayvmaOo4/ycdjo6Xm/FyzJwa1lnMJZXlk+b5JY+t48txj+INBpX9vKMt8mOHJYyyxljUOFez91r+/hTv7mzqqpzU6tJrKyvJ7M7ceo3JK4cuDttqfpeg9pukavKhe8RWd7p6bUWrVQq48JeT+R0dnFnPWjDDlnmXcbXOz4tpW93Xeo21e3t91Ok4qU4cuW8Ppj4mF6aa3FnUSWTKWMZc6xren0JXN7WurejyKbnVoYio9ct9OhheHX03Y8nHl6sYLiHV9SnbSu7iveQt8xj3ip8kcyaUVl+ba+pceG/pMufjnjaPX0rU6da2jdXqpQqxlOpHvHKaSxjHhu2b8eGT247z3Pf48dtC1bhvjTWdTkqOp3VhY80koZSnJZeG8dNsdWZd3HhPSZcPLfOV02DhPgOlYX9CNaVW4qykpVKlWTk2kcnLz7jbxcEldP1G3o0aKSik0jhxu677NRr1xJc736HRGi19Ldj+gy0Hgm1p14cl1df3mun1Tl0j8opL6nu9Lx/j45HzXWc35eW2eo3A6HKAAAAAAAAAAAAAAAAAAAAAAAAAAAAAAAAAAAAAAAAAAAAAAAAAAAAAAAAAAAAAAA412scLz0rUZa3Y0/7lczzVjFf4VR/wD8y/P4o8rrel898e38d1m5+PJptO4U44fVHjZYXGvcxy3EnQoqhfSq497qSXVTObjaatKhdUFGa+D8UdfHyOabwu4gdzStpSVzbQr0n+8l4ep04Zye46Jyd88Xyx+sPRru1qWtSE529WDhVozm5QnF9U09sehcuSfVrZhwy/2xn/TD3z0buVRlT7yMUlGEnzJY6bPYwvJPW23Hjwx89sn/AAjUqdGrlwtVCP8AFJYGOTTy80x8Sr8aFCMG1BYRhnk4d3K+USxhF39S4aSSWEcuTfh4Q9avHKbimZceC55tl7GeD58Sa+tQvKTel2M1Oo2tqtRbxp/q/TbxPR6Xp+67vqPK63qvx49s919ILY9d4QAAAAAAAAAAAAAAAAAAAAAAAAAAAAAAAAAAAAAAAAAAAAAAAAAAAAAAAAAAAAAAABavLaheWtW1uaUKtGrFxnCSypJ+BLNzVWWy7j5w4ss6OkcVajpdvOTha1cRU3mXI0nHPns+p5HUdPN3T6HpOptxly+zTq8Xh53PKywuNenjlLGy2NTmp9dhhdMMopu6deUG6MmvQ3Y52emHbGuX1nqMpt93GXyM+/8AayWfaJDTdTm8qjGPqkO9jZ/lfpaZcRea828eBLyJ2Ld9ilT5OhN7NaYW4vFQjJJ7sTHZ3aQbCmtQ1iztKk3GV3cU6MEt3mUks/LJ18XF6jl5ebUtfW2gaTY6JpNDTNOoqlb0I8sV4vzbfi292z2ccZjNR89nnc8rlknGTEAAAAAAAAAAAAAAAAAAAAAAAAAAAAAAAAAAAAAAAAAAAAAAAAAAAAAAAAAAAAAAAAAfOPbrQlDtLuqtGThUnb0Zprz5Wv0PL6rK4cu49voMZnw6rULDV5UbhUrmKpVM7fwz+Hr6GjLDHlnj268csuK+fTetA1CnVgsSycGfHca65lMo2OjKDj4YYlSxccaPiomyWMNVYrulyvlwS5Rljiw9/VpwTbaNbPTT9avYzlLleyN3Hjtpzy00zVNXpU6soU8Vav8ACnsvj/Q6scZPbmyytZbsljUve1Dh5V588nfRk/8A1Tlj8Dfw+c45uo8cWT7IXQ9R4oAAAAAAAAAAAAAAAAAAAAAAAAAAAAAAAAAAAAAAAAAAAAAAAAAAAAAAAAAAAAAAAAAAfOHbPdU7rtMvu5lzKhSpUZf5lHLX4nk9Z5ze98dLONq9xYUbu3cZQTyujOCZWV6VxmUYuFTV9BrKpQcq9Bfuz6pfH+pu75nNZNPZcL/Fs+jce2NaKp1qncVfGnUeH8vM0ZcFn9W3Hll9spU4noSjmNVY+Jh2ZNndEWtxRSUGlNFmFTujVtc4vtKfMql0nL+CD5pP5I24cNas+afTStV4ivdQbp0U7eg/BPM5fF+HyN+MmLmtuSxYU8Lpky2Sabx2QXNC07T+H69xUjTpq75XKTwk5RlFfi0bunus45uqm+O6fY66HqPEAAAAAAAAAAAAAAAAAAAAAAAAAAAAAAAAAAAAAAAAAAAAAAAAAAAAAAAAAAAAAAAAAGmdpHHlhwxp86VCpTudUqRxRoRlnkf8U/JL8TRzc+PHP8unp+my5r/h86xlcXV3Vu7mcqlatNzqTl1lJvLZ5Gee/b6HjwmM1GWtUuXDOauqRXWoxnBrdfkYyljXNa0SjXjLmowl8Ebcc2rLCNL1TQ61CT7ivc0fSNRo2zNpvHphaljeczVW7uai8pVG/wBTLua+1cpWnJHZfQbNL1Om1LoWGmRtE8bg0vz5orMW009mnuZ41hlHY+De37ULG3srLiKxpXFGilCveQb72UVtzOPRvHXzO7j6j6rzOXo/dxd10HivQNboU6+m6jSr06kU4tdHk6pduK42e2bKxAAAAAAAAAAAAAAAAAAAAAAAAAAAAAAAAAAAAAAAAAAAAAAAAAAAAAAAAAAADyUox6sC1OrLpFJerLpNuU9vGsazaS0/TLC6rW9vdwqTrzpyxKXK1iKfgt8s4+s5bx4zX29H4/hx5crv6coo2dSpUdSq5TnJ5cpPLfzPGy5LXv4cUk1E2lYuO+DHubJjIkRt3FdDC1nIr5WtmY2stI9eimnlElSxhdQs1NPY2Y5Ndwa/e6fht8q+hsmTXcGNr2bXg8GcyYXBF+6tPoZdzDtSaFBrwLs0kq2k1uizJjpZrWb3eDKZMLht037KFneUr/iWg+aWnwlRlBPpGo+bKXySZ6XR5XKV5XXYzGx9DWta4t1hTzBeEtzr08/bIW97TqbS9l+m6Jo2lJprKeURQAAAAAAAAAAAAAAAAAAAAAAAAAAAAAAAAAAAAAAAAAAAAAAAAAAAAAAPJSjFbtICNWuksqG5lIIrqylJZkyiVHfdfEjFpva7or1Hh+ne0oc1Wwqd7hLd02sT+iw/kcnW8V5OK6+nf8dzTi5pv1fDltO1S3SWGfO19TNLsKUVsybVdVKm1tj4DYtzoQ64Co1e3jh4/IioFe1ymsBECvp3PnZ/QsqaQLrSMLPLuZzNjcWPlpe/Q2TJruKqlp6j4JFmTDtX42kcdF9DLuTtWLu3SjiMHOcmlGKW7b2SQltui4yTb6J7KOFf+leELexqwir6tJ17xr/yy8P/AFWF8j3+n4vx4Sfb5nqub8vJcp6bZJRTUPM3OZRUov3o7NBYrt7ipBZTe3VATKV7CXvbMmlSYVIS6SRjoVAAAAAAAAAAAAAAAAAAAAAAAAAAAAAAAAAAAAAAAAAAAAAAAAAAW6tenTW7LIItS9b2gi6Ed1JzftMo89WBXycyAk0cuOPFERW4xlFxkk4vbDW3wIOQ8ecOV9AuncWlOU9Mqy9iS37lv9x+nk/l8fC67pLx3vx9f+n0fxvWzln48/7f+2qSq15fus8168hD7w/Bom2cxi/CjcNZbJ5XUUTdSPsy3Ep2z6W1JN7ou2Parh3fXGWNxO1auKMqqahH5jZ2sTd2FWLbMpmlwQKlGpFvMW/gbJk13BRioukGXuY9jo3Y9wbO8uqfEuq0cUKTzZUpL/Emv+4/ReHm9/A9XoOm3/8AJl/w8b5Lq9T8OH/P+nY0lCLnJ4SR6zw1mnmUnVksZ6LyQF2LXQCirT5X3kevivMLFDipLmQUSlHeMmgL1G+nT2qLK8yaE6hXp1UuV7k0LpAAAAAAAAAAAAAAAAAAAAAAAAAAAAAAAAAAAAAAAAAAAAAUzqQgsyaGhBr3cp5jT2XmZSCPht5bz8Sj3AHvRZYFNJupPPgBJSIK6bxLIRexlZREUVqNKvRnQr041ac1yyjJZUl5NCyX2stl3Gi6/wADqk5V9Ki6lLq6L96P+V+K9Op5HU/Hf+XH/wBPd6T5X/x5f+/9tWlZKE3CUHGUdnFrDR5V47jdWPZx5ZlNyqZ0oqLwtzGxnMmOuKWc+JhY2yocqG72IpCl5kEmnGMUWIs3EYy8BBDnbwfgZyMLdNz4M4BdzOF9rVF07fZwtpbSqesvKPp1foex0nx+/wCfJ/1/t4XXfJybw4b5/f8Ap1GjShTpqKjGEIrEUlhJL9D2fEeDtYlL7xLP/ZT2/mfn8CoReamCKqqLHtIEXIPmgQW+XDeOhVME2KJxymUWY81KXst4AyFjdtzVKr1fuv8AQliJxioAAAAAAAAAAAAAAAAAAAAAAAAAAAAAAAAAAAAAAAAACzcVWnyQ6+L8iyIg1MuTXh4+pksIxJse8o2CikNiLd1MNQXiyrEi1hyw+JKi+kB6BXTljYIurHVEQXUKi6hptjfxxd21Oo/CXSS+a3NefDhyT+U228XPycXnC6a7fcE2tTLtLypSfhGpFTX12Zw8nxmF/rdPS4vl+Sf3kv8A+Ne1DgzWKOXSpUrmP/657/R4OLk+N5cfXl6HF8twZe/DXr7T7m0m43VtWoNf+SDj+JxZ8OfH/aaehx8/HyT+GUqK6eOmDVpu28hRqVZqnSpzqTfSMIuT+iMscLldYxjlnjjN5XTO6bwVrV61KtShZUn1lXftfKK3+uDu4fjeXP8At4ebz/LcHH/W91/x/tuvD/CWl6VKNaNN3Nyv+9WS9l/yrovz9T2On6Lj4fM814fU9fy8/i3U/UbCoxgnKTSS3bZ1OFDq1HcJveND8Z/6Fk0K6W8W/oBZTxWYZJMfaiEWoPu6nK+j6BVxkHgFL6FFmaTAV04UlJPDisoIyen3Mbq2jUW0ukl5MwVIAAAAAAAAAAAAAAAAAAAAAAAAAAAAAAAAAAAAAAAADyclGDk+iAhUZOcpt9W8szYvKscTbDKKSClvAHvWIECftXiTKrI01hERWAA9AqTa6A0qU0+pEer0eQhzx6Pb4jyKluBTUhGcHCcYzi+qayvoTxfCy68xia/DmiVqrq1NMt3LHhHlT+S2NOXS8OV3cY6cet6jGamdSbGyt7Ol3VnbUrePiqcUs/HzN2HHhxzWM008nLnyXed2kqCWXJ5Mtta1K7pp8tFOtL+XovmXQt8k60s15JpbqC6f6geXL8EFiqh7gFiaxWb8wq9Sl4BHlePNFtdV0BCjPnh6k0qt9ALHPltLwKKYvmlgCjVKnd2sn4tqKCRasrn7pXjWW9Gr76/UWK2KLUoqUXlNZTMB6AAAAAAAAAAAAAAAAAAAAAAAAAAAAAAAAAAAAAAAId9U6U0/VmWMRYtpYq8r8UU0kVl7OSER2wqzKeW9yi7TeYdSCH01BL0Kv0yUFhER6AAAe5AZAJgFJrPkwaFFdU3B+cf6BNKXK4j0dOqvX2X+qAolc1Yp5tKzf8ri/wBQLSq3tT2adCFBfxVZZf8A9Y/1KH3eMn/eKs678pPEfogi5LC9mKSXkgsVx2RER5+1UZWS5R2iEW6qywqmMsPIFxSygLE33VZP92X5gSY7xYGOtqnNXrwz7sgJFt1lL6AY/X63uU14Jyf5L9QYvbWPe2Cg/BAZThy756btaj9uHu+qMbBlyAAAAAAAAAAAAAAAAAAAAAAAAAAAAAAAAAAAAAAorVFTpuT+Qk2MY5Nybb38TMi2pYnlAT4yU4Z80REaWzaZVQ4yzVmvJgS6HusCHJ//ACkV/KIv0yi6EYgUAAAAADwAmB7kCnn8AmjOE2DS3T3bbCvesgKn0AsR3lJlFUHhAUye4FLQFGeUD2WKtJoCqynzQcZe8tmBirabhr17R+El80F+mTg+WnjxYYtfva33i9nNbxUuWPrjYMoyGlPNOUX1QKplKdrdqvT2cXkI2m2qxr0IVYPMZLJgLgAAAAAAAAAAAAAAAAAAAAAAAAAAAAAAAAAAAACBf1HKfLHpH8zKIip5TKq3Lz8QJNrU6x+YSq6635l4gjGQf/yFWHmkwy+k+j4oIg0nz61P+WKC/TKpkSPcgMgMgMgeZAAeZAAUSewCAHlR52A9hsgCAqw3F4AtU4SXNlMocsvJgUST8mBRJ4jkChVFjdAW+9jTmt/ZbwBdg+7ucrpLZhGMu491xQp+FW3/ABi/9Qynpf1K57iyqVI+9jlh8XsipGIt4clPvJbKKxFP8yMk/RJPmkn47lRLvKaaZESuGrlxnOzm/wCaH6kozhiAAAAAAAAAAAAAAAAAAAAAAAAAAAAAAAAAAAKas1TpSm/BCDEybb9fEzI8fQC2+j8gFOeGpeMeoEvPNTf4BIxNzJU9Zo5eFVpyj80GU9MjRay8BETTo81/c1X/ABYC30ySZEMgEwPUwGQPQPGB4B42BQ92BUnhAU9WB74AMgV0nu16CIplNKePMqHPsBYdV5f9QLc60lHOWVVrv8rfHzQ0Idzc0oU5znCDUVnyGlXqdw6tKL5OScYRb38wiNrs0vut10abh9f+AsRLyqq95Rt8txpR7ySXi3tFfmwsUTbqTa/dj18iKlaM83Tb6PZFSsrXWUREKUpW9xC4h1pvL9UBtdGcatKNSDzGSTRgKgAAAAAAAAAAAAAAAAAAAAAAAAAAAAAAAAAAQ9QqbxpL4v8AQyxRD8Sq8kBbk8L0AtZcZPHQKk21TMWvIrGsTxRLuaNveLpQrxcv8stn+hGWH6T7GScZSTbXL4lRd0+HKpv+KWSCTJ4TBFuMsvqBcTIPcge5AZA8yB5kDwAB42B4B7kClsDyMmubD8CosSlJPOWBQ7lbpyKaW2217Lz8wI9xcTgsOEsfAoiSvlHmk08eWGFY+7uo16bjzRUXJKW/qBldPrd7bVK62VSbcV/Ktl+CCIfEV0v7N5XtyTjJt/EEY/Trpui5wXNc3Uub/JHovwIzZTuo0aGasmor6sgu6JmVy6jjyrGIx8kErM1FkIiVFnK8wMlw1Wbt6ltJ70pez/lZjRliAAAAAAAAAAAAAAAAAAAAAAAAAAAAAAAAAPJNRi5PogMXKTnOU34sz9IoXUK8kBaz1QFip7O/gFKdTkmnnZ7FhTVKEL3Tq9pJ/wCJBxz5PwY0xl1UDg2tUraXPvc95TapTT8JLqSemWftn6K5YBIs3NTGwHlBtrIF7mwB7F5JoVJge5A8bA8yAyB4AyAyBS2BQ5FgpUve38P1CLNSQIh3UOdPwfmWKhRr1aE+WUsookqvGtBoCFXjKEtt0BhNYjiUYpLNSSSfkBstlhWUVFYSikio1bji6nR0epFP2qtSFOO/m8v8ES+meE3Uzhtwt7SMpftKzivZj4fFkWst3cpxdxcyW3ReEfgEStBzVqyq/ufuoiVl6nRhEXlbbb6Ae2VV217Gth8j9mfw8xYNkW6yjAAAAAAAAAAAAAAAAAAAAAAAAAAAAAAAAABYvJfs+7zvLr8C4ohSg103MiKUgqipsBHqLPowRbc9uWaw/wAwqNW2i0ugVdtq/NFNvfozJhVzTLaFv95cOlas6j+LS/oQ2nuSjTeSEYurV562E/ErJNpZUSIrinnqBcWyA9yTQZAJgAABgU5A8yBTJlFqUgKE3iXy/MsFic2iC3UlzL1LBAu45TKI1KrKMuoEuLVSAGv8QJxurdbr2mykbBZSzYrfwKjQe0Ku6mo6dYRk1mcqsvh0X6mFbOOe63DQKFG3souS2x82IlS6qqXb5prlox6R6Z+IIy+kU+WjzY69CJU2UJYfRfEItKEU/wCN/gXSbU1Yc0Wpb+iKMno1Zzte7n71N8vxXga7FTSAAAAAAAAAAAAAAAAAAAAAAAAAAAAAAAARbhS7xya26JmWPpFkqGFvlfMKtVIPG26BtEmmm8BViovQMkWr7rw8ejAi06sqcmpbJmUSxl7Op+wUgwW7y5fK4pkZLNmsyyyjJQWxiLkUBTKW+EB7H6geoCpEHqAAeMClgU5KKJMC1NgW1lwn8V+pYixUUt9yKjSm4vp8yiio1OOxRjq+YTAuW1Zp7gY7iz2XbVU8btFixldMq509PPgVGha1B3naEqb3jRpQXw8f1ML7bMf6ugWaSpxhBc88dEVinUrV1GnXnmK/djtFfFkTbL2ziqfLTisLx8Ax2uSjlNyfMwiJf31jptDvr+6pW8PDnlhy9EurfwG10osXf6pidC2nZWr3Va4jipNfy0/D4y+hj3LrTPWdtTtaPd0+Z+LlJ5cn5tmIvAAAAAAAAAAAAAAAAAAAAAAAAAAAAAAAAABZqW8XlxzF/gWUafb8d8Ny4wu+Eri9+5a1bSSVvcwdNV00pKVKT2msPwefQTKW6W4WTbZX0yvwMmCPUWW3y5+HUqxZqUVJYxv9GRdsfdUpRTS/FFVjbpTVF5Tynkqsnps3LTqcn1efzDBRODlPoyqmWtNpdMGImQjsQJvCfUCiCb3AuJYQFSA9SJoe4AYApaAoZYKfAC3LO4FqafkwLaT7uWNm5L8mWC3KMvFgRLqLWWk2URYVGpYa/ABc0u8puUY7/ADHJyjPGGsehRa4jTq6JKok26UlLp4dGCL2iVW9MWz6FGvaHY1L7jbU7mSxThUUE2uuEjD7Z71i6PbUVCniEEvWX9Cte1+MPF5m/DPT6AROJeJdD4X0qWo6/qVGyoLZc7blN+UYreT9EY5ZSTdXHG5XUcZ1Pt1vuIOJtP4f4SsZ6bbXt5Stpahd0+aric1HmjT6R6+OX6I5r1O7rF249HccblnXddB4R0rS7hXk++v7/wDeu7ubqVM+mdo/I26/bkuX1GwFYgAAAAAAAAAAAAAAAAB//9k=','Nursery','A','1','Male','2020-02-20','active','9876383628','Bidar','Bidar','Karnataka','585403','Indian','','ST','','English','','','','State Board','9883788222','father','','','','','','No','','No','No','','',NULL,NULL,NULL,'Ramesh','','93829372344','','Kavya','','','','','','','','','','','','','','','','','','{"birthCertificate":false,"aadharCard":false,"transferCertificate":false,"medicalCertificate":false,"passportPhoto":false,"marksheet":false,"casteCertificate":false,"incomeCertificate":false}',0.0,0,100,0,0,'','2026-03-13',NULL,'2026-03-13T17:37:07.557+00:00','2026-03-13T17:37:07.557+00:00');
INSERT INTO Student VALUES('cmmp6kn2i0009ob56754cfcif','20260009','Gorakhgonda Methre','',NULL,'Nursery','A','1','Male','2020-02-20','active','9876383628','Bidar','Bidar','Karnataka','585403','Indian',NULL,'ST',NULL,'English','',NULL,NULL,'State Board','9883788222','father',NULL,NULL,NULL,NULL,NULL,NULL,NULL,NULL,NULL,NULL,NULL,NULL,NULL,NULL,'Ramesh',NULL,'93829372344',NULL,'Kavya',NULL,NULL,NULL,NULL,NULL,NULL,NULL,NULL,NULL,NULL,NULL,NULL,NULL,'',NULL,NULL,NULL,NULL,0.0,0,100,0,0,NULL,'2026-03-13',NULL,'2026-03-13T17:38:36.618+00:00','2026-03-13T17:38:36.618+00:00');
CREATE TABLE IF NOT EXISTS "Teacher" (
    "id" TEXT NOT NULL PRIMARY KEY,
    "employeeId" TEXT NOT NULL,
    "name" TEXT NOT NULL,
    "email" TEXT NOT NULL,
    "phone" TEXT,
    "gender" TEXT,
    "dateOfBirth" TEXT,
    "subject" TEXT,
    "qualification" TEXT,
    "experience" INTEGER DEFAULT 0,
    "status" TEXT NOT NULL DEFAULT 'active',
    "address" TEXT,
    "photo" TEXT,
    "joiningDate" TEXT,
    "salary" REAL,
    "department" TEXT,
    "designation" TEXT,
    "bloodGroup" TEXT,
    "aadharNumber" TEXT,
    "bankName" TEXT,
    "bankAccountNo" TEXT,
    "bankIfsc" TEXT,
    "emergencyName" TEXT,
    "emergencyPhone" TEXT,
    "remarks" TEXT,
    "createdAt" DATETIME NOT NULL DEFAULT CURRENT_TIMESTAMP,
    "updatedAt" DATETIME NOT NULL,
    "userId" TEXT,
    CONSTRAINT "Teacher_userId_fkey" FOREIGN KEY ("userId") REFERENCES "User" ("id") ON DELETE SET NULL ON UPDATE CASCADE
);
INSERT INTO Teacher VALUES('cmmp422r50002lh56bllz9asn','EMP-001','Priya Sharma','teacher@schoolerp.com','9876543210','Female','1985-06-15','Mathematics','M.Sc Mathematics',10,'active',NULL,NULL,'2015-06-01',55000.0,'Science','Senior Teacher','B+',NULL,NULL,NULL,NULL,NULL,NULL,NULL,'2026-03-13T16:28:11.248+00:00','2026-03-13T16:28:11.248+00:00','cmmp422r10001lh569cxbohvi');
INSERT INTO Teacher VALUES('cmmp422ra0003lh565ktkarcq','EMP-002','Ramesh Kumar','ramesh@schoolerp.com','9876543211','Male','1980-03-20','English','M.A English',14,'active',NULL,NULL,'2010-07-15',60000.0,'Languages','HOD English','A+',NULL,NULL,NULL,NULL,NULL,NULL,NULL,'2026-03-13T16:28:11.252+00:00','2026-03-13T16:28:11.252+00:00',NULL);
INSERT INTO Teacher VALUES('cmmp422rd0004lh56szygxya0','EMP-003','Sunita Patel','sunita@schoolerp.com','9876543212','Female','1988-09-10','Science','M.Sc Physics',8,'active',NULL,NULL,'2016-06-01',50000.0,'Science','Teacher','O+',NULL,NULL,NULL,NULL,NULL,NULL,NULL,'2026-03-13T16:28:11.256+00:00','2026-03-13T16:28:11.256+00:00',NULL);
CREATE TABLE IF NOT EXISTS "FeeStructure" (
    "id" TEXT NOT NULL PRIMARY KEY,
    "name" TEXT NOT NULL,
    "category" TEXT NOT NULL,
    "amount" REAL NOT NULL,
    "frequency" TEXT NOT NULL,
    "dueDate" INTEGER NOT NULL DEFAULT 1,
    "lateFee" REAL NOT NULL DEFAULT 0,
    "description" TEXT,
    "applicableClasses" TEXT NOT NULL,
    "applicableCategories" TEXT NOT NULL,
    "isActive" BOOLEAN NOT NULL DEFAULT true,
    "academicYear" TEXT NOT NULL DEFAULT '2024-25',
    "createdAt" DATETIME NOT NULL DEFAULT CURRENT_TIMESTAMP,
    "updatedAt" DATETIME NOT NULL
);
INSERT INTO FeeStructure VALUES('fee-struct-tuition','Tuition Fee','tuition',12000.0,'quarterly',10,500.0,'Quarterly tuition fee for all classes','["1","2","3","4","5","6","7","8","9","10","11","12"]','["General","OBC","SC","ST"]',1,'2024-25','2026-03-13T16:28:11.261+00:00','2026-03-13T16:28:11.261+00:00');
INSERT INTO FeeStructure VALUES('fee-struct-transport','Transport Fee','transport',3000.0,'monthly',5,200.0,'Monthly transport fee','["1","2","3","4","5","6","7","8","9","10"]','["General","OBC"]',1,'2024-25','2026-03-13T16:28:11.263+00:00','2026-03-13T16:28:11.263+00:00');
INSERT INTO FeeStructure VALUES('fee-struct-exam','Exam Fee','exam',1500.0,'yearly',15,100.0,'Annual examination fee','["9","10","11","12"]','["General","OBC","SC","ST"]',1,'2024-25','2026-03-13T16:28:11.266+00:00','2026-03-13T16:28:11.266+00:00');
CREATE TABLE IF NOT EXISTS "FeeRecord" (
    "id" TEXT NOT NULL PRIMARY KEY,
    "studentId" TEXT NOT NULL,
    "feeStructureId" TEXT NOT NULL,
    "amount" REAL NOT NULL,
    "paidAmount" REAL NOT NULL DEFAULT 0,
    "pendingAmount" REAL NOT NULL,
    "discount" REAL NOT NULL DEFAULT 0,
    "dueDate" TEXT NOT NULL,
    "paidDate" TEXT,
    "status" TEXT NOT NULL DEFAULT 'pending',
    "paymentMethod" TEXT,
    "transactionId" TEXT,
    "receiptNumber" TEXT,
    "collectedBy" TEXT,
    "academicYear" TEXT NOT NULL DEFAULT '2024-25',
    "remarks" TEXT,
    "createdAt" DATETIME NOT NULL DEFAULT CURRENT_TIMESTAMP,
    "updatedAt" DATETIME NOT NULL,
    CONSTRAINT "FeeRecord_studentId_fkey" FOREIGN KEY ("studentId") REFERENCES "Student" ("id") ON DELETE CASCADE ON UPDATE CASCADE,
    CONSTRAINT "FeeRecord_feeStructureId_fkey" FOREIGN KEY ("feeStructureId") REFERENCES "FeeStructure" ("id") ON DELETE RESTRICT ON UPDATE CASCADE
);
INSERT INTO FeeRecord VALUES('fr-001','student-001','fee-struct-tuition',12000.0,12000.0,0.0,0.0,'2024-07-10','2024-07-08','paid','online',NULL,'RCPT-2024-001',NULL,'2024-25',NULL,'2026-03-13T16:28:11.301+00:00','2026-03-13T16:28:11.301+00:00');
INSERT INTO FeeRecord VALUES('fr-002','student-001','fee-struct-transport',3000.0,1500.0,1500.0,0.0,'2024-08-05',NULL,'partial','cash',NULL,NULL,NULL,'2024-25',NULL,'2026-03-13T16:28:11.305+00:00','2026-03-13T16:28:11.305+00:00');
INSERT INTO FeeRecord VALUES('fr-003','student-002','fee-struct-tuition',12000.0,12000.0,0.0,0.0,'2024-07-10','2024-07-05','paid','bank_transfer',NULL,'RCPT-2024-002',NULL,'2024-25',NULL,'2026-03-13T16:28:11.308+00:00','2026-03-13T16:28:11.308+00:00');
INSERT INTO FeeRecord VALUES('fr-004','student-003','fee-struct-tuition',12000.0,0.0,12000.0,0.0,'2024-07-10',NULL,'overdue',NULL,NULL,NULL,NULL,'2024-25',NULL,'2026-03-13T16:28:11.311+00:00','2026-03-13T16:28:11.311+00:00');
INSERT INTO FeeRecord VALUES('fr-005','student-004','fee-struct-tuition',12000.0,12000.0,0.0,0.0,'2024-07-10','2024-07-02','paid','online',NULL,'RCPT-2024-003',NULL,'2024-25',NULL,'2026-03-13T16:28:11.313+00:00','2026-03-13T16:28:11.313+00:00');
INSERT INTO FeeRecord VALUES('fr-006','student-004','fee-struct-exam',1500.0,1500.0,0.0,0.0,'2024-08-15','2024-08-10','paid','online',NULL,'RCPT-2024-004',NULL,'2024-25',NULL,'2026-03-13T16:28:11.315+00:00','2026-03-13T16:28:11.315+00:00');
INSERT INTO FeeRecord VALUES('fr-007','student-005','fee-struct-transport',3000.0,0.0,3000.0,0.0,'2024-08-05',NULL,'pending',NULL,NULL,NULL,NULL,'2024-25',NULL,'2026-03-13T16:28:11.317+00:00','2026-03-13T16:28:11.317+00:00');
CREATE TABLE IF NOT EXISTS "Payment" (
    "id" TEXT NOT NULL PRIMARY KEY,
    "feeRecordId" TEXT NOT NULL,
    "amount" REAL NOT NULL,
    "paymentMethod" TEXT NOT NULL,
    "transactionId" TEXT,
    "receiptNumber" TEXT NOT NULL,
    "paymentDate" TEXT NOT NULL,
    "collectedBy" TEXT,
    "remarks" TEXT,
    "createdAt" DATETIME NOT NULL DEFAULT CURRENT_TIMESTAMP,
    CONSTRAINT "Payment_feeRecordId_fkey" FOREIGN KEY ("feeRecordId") REFERENCES "FeeRecord" ("id") ON DELETE CASCADE ON UPDATE CASCADE
);
INSERT INTO Payment VALUES('cmmp422t50005lh56xa4xl3ue','fr-001',12000.0,'online',NULL,'RCPT-2024-001','2024-07-08','Admin User',NULL,'2026-03-13T16:28:11.320+00:00');
INSERT INTO Payment VALUES('cmmp422t80006lh56tbjw2kmz','fr-003',12000.0,'bank_transfer',NULL,'RCPT-2024-002','2024-07-05','Admin User',NULL,'2026-03-13T16:28:11.323+00:00');
INSERT INTO Payment VALUES('cmmp422ta0007lh567pyqro7a','fr-005',12000.0,'online',NULL,'RCPT-2024-003','2024-07-02','Admin User',NULL,'2026-03-13T16:28:11.325+00:00');
CREATE TABLE IF NOT EXISTS "Discount" (
    "id" TEXT NOT NULL PRIMARY KEY,
    "name" TEXT NOT NULL,
    "type" TEXT NOT NULL,
    "value" REAL NOT NULL,
    "applicableClasses" TEXT NOT NULL,
    "applicableCategories" TEXT NOT NULL,
    "maxDiscountAmount" REAL,
    "isActive" BOOLEAN NOT NULL DEFAULT true,
    "validFrom" TEXT NOT NULL,
    "validTo" TEXT NOT NULL,
    "description" TEXT,
    "createdAt" DATETIME NOT NULL DEFAULT CURRENT_TIMESTAMP,
    "updatedAt" DATETIME NOT NULL
);
CREATE TABLE IF NOT EXISTS "AttendanceRecord" (
    "id" TEXT NOT NULL PRIMARY KEY,
    "studentId" TEXT NOT NULL,
    "teacherId" TEXT,
    "date" TEXT NOT NULL,
    "status" TEXT NOT NULL,
    "subject" TEXT,
    "class" TEXT,
    "section" TEXT,
    "remarks" TEXT,
    "createdAt" DATETIME NOT NULL DEFAULT CURRENT_TIMESTAMP,
    "updatedAt" DATETIME NOT NULL,
    CONSTRAINT "AttendanceRecord_studentId_fkey" FOREIGN KEY ("studentId") REFERENCES "Student" ("id") ON DELETE CASCADE ON UPDATE CASCADE,
    CONSTRAINT "AttendanceRecord_teacherId_fkey" FOREIGN KEY ("teacherId") REFERENCES "Teacher" ("id") ON DELETE SET NULL ON UPDATE CASCADE
);
INSERT INTO AttendanceRecord VALUES('cmmp422te0008lh56bl5aeoju','student-001','cmmp422r50002lh56bllz9asn','2026-03-13','present','','10','A',NULL,'2026-03-13T16:28:11.330+00:00','2026-03-13T16:28:11.330+00:00');
INSERT INTO AttendanceRecord VALUES('cmmp422tg0009lh56pfazs4x2','student-002','cmmp422r50002lh56bllz9asn','2026-03-13','present','','10','A',NULL,'2026-03-13T16:28:11.332+00:00','2026-03-13T16:28:11.332+00:00');
INSERT INTO AttendanceRecord VALUES('cmmp422th000alh56y3a64nyg','student-003','cmmp422r50002lh56bllz9asn','2026-03-13','absent','','9','B',NULL,'2026-03-13T16:28:11.333+00:00','2026-03-13T16:28:11.333+00:00');
INSERT INTO AttendanceRecord VALUES('cmmp422ti000blh564cck2f3q','student-004','cmmp422r50002lh56bllz9asn','2026-03-13','present','','11','A',NULL,'2026-03-13T16:28:11.334+00:00','2026-03-13T16:28:11.334+00:00');
INSERT INTO AttendanceRecord VALUES('cmmp422tj000clh561mdjeemh','student-005','cmmp422r50002lh56bllz9asn','2026-03-13','late','','8','C',NULL,'2026-03-13T16:28:11.335+00:00','2026-03-13T16:28:11.335+00:00');
INSERT INTO AttendanceRecord VALUES('cmmp422tk000dlh5629ps4cnb','student-001','cmmp422r50002lh56bllz9asn','2026-03-12','present','','10','A',NULL,'2026-03-13T16:28:11.336+00:00','2026-03-13T16:28:11.336+00:00');
INSERT INTO AttendanceRecord VALUES('cmmp422tl000elh56c7cxnx57','student-002','cmmp422r50002lh56bllz9asn','2026-03-12','present','','10','A',NULL,'2026-03-13T16:28:11.337+00:00','2026-03-13T16:28:11.337+00:00');
INSERT INTO AttendanceRecord VALUES('cmmp422tn000flh56445dg8yi','student-003','cmmp422r50002lh56bllz9asn','2026-03-12','present','','9','B',NULL,'2026-03-13T16:28:11.339+00:00','2026-03-13T16:28:11.339+00:00');
CREATE TABLE IF NOT EXISTS "Exam" (
    "id" TEXT NOT NULL PRIMARY KEY,
    "name" TEXT NOT NULL,
    "type" TEXT NOT NULL,
    "class" TEXT NOT NULL,
    "section" TEXT,
    "subject" TEXT NOT NULL,
    "date" TEXT NOT NULL,
    "duration" INTEGER NOT NULL,
    "totalMarks" REAL NOT NULL,
    "passingMarks" REAL NOT NULL,
    "academicYear" TEXT NOT NULL DEFAULT '2024-25',
    "status" TEXT NOT NULL DEFAULT 'scheduled',
    "venue" TEXT,
    "instructions" TEXT,
    "createdAt" DATETIME NOT NULL DEFAULT CURRENT_TIMESTAMP,
    "updatedAt" DATETIME NOT NULL
);
INSERT INTO Exam VALUES('exam-001','Mid-Term Mathematics','mid_term','10','A','Mathematics','2026-03-20',180,100.0,35.0,'2024-25','scheduled','Hall A',NULL,'2026-03-13T16:28:11.341+00:00','2026-03-13T16:28:11.341+00:00');
INSERT INTO Exam VALUES('exam-002','Unit Test - English','unit_test','9','B','English','2026-03-27',90,50.0,18.0,'2024-25','scheduled','Room 12',NULL,'2026-03-13T16:28:11.343+00:00','2026-03-13T16:28:11.343+00:00');
CREATE TABLE IF NOT EXISTS "ExamResult" (
    "id" TEXT NOT NULL PRIMARY KEY,
    "examId" TEXT NOT NULL,
    "studentId" TEXT NOT NULL,
    "marksObtained" REAL NOT NULL,
    "grade" TEXT,
    "remarks" TEXT,
    "isAbsent" BOOLEAN NOT NULL DEFAULT false,
    "createdAt" DATETIME NOT NULL DEFAULT CURRENT_TIMESTAMP,
    "updatedAt" DATETIME NOT NULL,
    CONSTRAINT "ExamResult_examId_fkey" FOREIGN KEY ("examId") REFERENCES "Exam" ("id") ON DELETE CASCADE ON UPDATE CASCADE,
    CONSTRAINT "ExamResult_studentId_fkey" FOREIGN KEY ("studentId") REFERENCES "Student" ("id") ON DELETE CASCADE ON UPDATE CASCADE
);
CREATE TABLE IF NOT EXISTS "Announcement" (
    "id" TEXT NOT NULL PRIMARY KEY,
    "title" TEXT NOT NULL,
    "content" TEXT NOT NULL,
    "type" TEXT NOT NULL DEFAULT 'general',
    "targetRoles" TEXT NOT NULL,
    "isActive" BOOLEAN NOT NULL DEFAULT true,
    "publishedAt" DATETIME NOT NULL DEFAULT CURRENT_TIMESTAMP,
    "expiresAt" DATETIME,
    "createdBy" TEXT,
    "createdAt" DATETIME NOT NULL DEFAULT CURRENT_TIMESTAMP,
    "updatedAt" DATETIME NOT NULL
);
INSERT INTO Announcement VALUES('ann-001','Fee Payment Deadline Reminder','Q2 fee payment deadline is approaching. Please pay by the 10th to avoid late fees.','fee','["parent","student"]',1,'2026-03-13T16:28:11.346+00:00',NULL,NULL,'2026-03-13T16:28:11.346+00:00','2026-03-13T16:28:11.346+00:00');
INSERT INTO Announcement VALUES('ann-002','Mid-Term Examination Schedule','Mid-term examinations will begin from next week. Check the exam schedule on the portal.','exam','["student","parent","teacher"]',1,'2026-03-13T16:28:11.349+00:00',NULL,NULL,'2026-03-13T16:28:11.349+00:00','2026-03-13T16:28:11.349+00:00');
CREATE UNIQUE INDEX "User_email_key" ON "User"("email");
CREATE UNIQUE INDEX "Account_provider_providerAccountId_key" ON "Account"("provider", "providerAccountId");
CREATE UNIQUE INDEX "Session_sessionToken_key" ON "Session"("sessionToken");
CREATE UNIQUE INDEX "VerificationToken_token_key" ON "VerificationToken"("token");
CREATE UNIQUE INDEX "VerificationToken_identifier_token_key" ON "VerificationToken"("identifier", "token");
CREATE UNIQUE INDEX "Student_admissionNo_key" ON "Student"("admissionNo");
CREATE UNIQUE INDEX "Teacher_employeeId_key" ON "Teacher"("employeeId");
CREATE UNIQUE INDEX "Teacher_email_key" ON "Teacher"("email");
CREATE UNIQUE INDEX "Teacher_userId_key" ON "Teacher"("userId");
CREATE UNIQUE INDEX "FeeRecord_receiptNumber_key" ON "FeeRecord"("receiptNumber");
CREATE UNIQUE INDEX "Payment_receiptNumber_key" ON "Payment"("receiptNumber");
CREATE UNIQUE INDEX "AttendanceRecord_studentId_date_subject_key" ON "AttendanceRecord"("studentId", "date", "subject");
CREATE UNIQUE INDEX "ExamResult_examId_studentId_key" ON "ExamResult"("examId", "studentId");
CREATE INDEX "AttendanceRecord_date_idx" ON "AttendanceRecord"("date");
CREATE INDEX "AttendanceRecord_class_idx" ON "AttendanceRecord"("class");
CREATE INDEX "AttendanceRecord_studentId_idx" ON "AttendanceRecord"("studentId");
CREATE INDEX "AttendanceRecord_class_date_idx" ON "AttendanceRecord"("class", "date");
CREATE INDEX "AttendanceRecord_status_idx" ON "AttendanceRecord"("status");
CREATE INDEX "Exam_class_idx" ON "Exam"("class");
CREATE INDEX "Exam_status_idx" ON "Exam"("status");
CREATE INDEX "Exam_academicYear_idx" ON "Exam"("academicYear");
CREATE INDEX "Exam_date_idx" ON "Exam"("date");
CREATE INDEX "Exam_class_academicYear_idx" ON "Exam"("class", "academicYear");
CREATE INDEX "FeeRecord_studentId_idx" ON "FeeRecord"("studentId");
CREATE INDEX "FeeRecord_status_idx" ON "FeeRecord"("status");
CREATE INDEX "FeeRecord_academicYear_idx" ON "FeeRecord"("academicYear");
CREATE INDEX "FeeRecord_dueDate_idx" ON "FeeRecord"("dueDate");
CREATE INDEX "FeeRecord_studentId_status_idx" ON "FeeRecord"("studentId", "status");
CREATE INDEX "FeeRecord_createdAt_idx" ON "FeeRecord"("createdAt");
CREATE INDEX "Student_class_idx" ON "Student"("class");
CREATE INDEX "Student_status_idx" ON "Student"("status");
CREATE INDEX "Student_gender_idx" ON "Student"("gender");
CREATE INDEX "Student_class_status_idx" ON "Student"("class", "status");
CREATE INDEX "Student_name_idx" ON "Student"("name");
CREATE INDEX "Student_admissionNo_idx" ON "Student"("admissionNo");
CREATE INDEX "Student_createdAt_idx" ON "Student"("createdAt");
CREATE INDEX "Student_parentName_idx" ON "Student"("parentName");
CREATE INDEX "Teacher_status_idx" ON "Teacher"("status");
CREATE INDEX "Teacher_department_idx" ON "Teacher"("department");
CREATE INDEX "Teacher_name_idx" ON "Teacher"("name");
CREATE INDEX "Teacher_createdAt_idx" ON "Teacher"("createdAt");
COMMIT;
